,artist_name,RelatedArtist_Name,rank,external_urls__spotify,followers__total,genres__001,genres__002,genres__003,genres__004,genres__005,id,Large_image,Medium_image,Small_image,popularity,type
0,!!!,The Rapture,1,https://open.spotify.com/artist/166Dz1GX3xonSQ3Z6CQW26,218863,alternative dance,dance-punk,electronica,indie rock,modern rock,166Dz1GX3xonSQ3Z6CQW26,https://i.scdn.co/image/0d5f9ab947edf8f3f7957086668af63b7c239532,https://i.scdn.co/image/2a729f1c5905c1c72a4afbc99939aa183d097855,https://i.scdn.co/image/9be22153f19d83b435f8abf67035f03b26ec2e9a,53,artist
1,!!!,Fujiya & Miyagi,2,https://open.spotify.com/artist/0j2MwhbFTvquOBhs3LeIfU,65088,alternative dance,brighton indie,dance-punk,electronica,neo-kraut,0j2MwhbFTvquOBhs3LeIfU,https://i.scdn.co/image/d71999dcd892cb1483520717a59dcfa6695160a9,https://i.scdn.co/image/b9c036d5364d27a49b4be58d03be897bcbe39bfa,https://i.scdn.co/image/46512b737d42827971e91a61348390b847669a0b,45,artist
2,!!!,Hot Chip,3,https://open.spotify.com/artist/37uLId6Z5ZXCx19vuruvv5,578730,alternative dance,chillwave,dance-punk,electronica,electropop,37uLId6Z5ZXCx19vuruvv5,https://i.scdn.co/image/74c59113051e700e10077f26698d8a1f612454a7,https://i.scdn.co/image/244be745cdffdad313cd93c637020a72e4b417d7,https://i.scdn.co/image/cec8531cf05eb8255b2a9f4259b3b01048425e79,63,artist
3,!!!,LCD Soundsystem,4,https://open.spotify.com/artist/066X20Nz7iquqkkCW6Jxy6,822254,alternative dance,alternative rock,dance-punk,electronic rock,electronica,066X20Nz7iquqkkCW6Jxy6,https://i.scdn.co/image/f8d0cb93fc39fdcdfab0ea7b4ea64d449cbb1aa4,https://i.scdn.co/image/1137103dc825ade57c5989c20c4878f7bf345aeb,https://i.scdn.co/image/4573dfe22b33df366096c46528b88aa91888c14a,66,artist
4,!!!,YACHT,5,https://open.spotify.com/artist/57anmI1X2hXWPrNagFdzZr,98247,ai,alternative dance,chillwave,dance-punk,new rave,57anmI1X2hXWPrNagFdzZr,https://i.scdn.co/image/b2dd9916fc1ee6336beb0ba8c7362973e48a41e9,https://i.scdn.co/image/cdeef06e69554720bd2003f0d6f4006ad7066112,https://i.scdn.co/image/dbf901cf8fcca08d3c149f383321c28788a52ddb,46,artist
5,!!!,The Juan Maclean,6,https://open.spotify.com/artist/7gG6LkU3pCSQmCIPR4aSBt,38914,alternative dance,balearic,dance-punk,electroclash,electronica,7gG6LkU3pCSQmCIPR4aSBt,https://i.scdn.co/image/a831d9d008a12cb0d4f12695ed8484e7a6e0341a,https://i.scdn.co/image/66d901b1a26b5acbfeade62852c8b8dce35a60c0,https://i.scdn.co/image/bbedad9cb5d1a3945f236a3615064dbe841572cf,40,artist
6,!!!,Junior Boys,7,https://open.spotify.com/artist/39x9e2QDpAxK8xTuJDwRqR,71285,alternative dance,balearic,canadian electropop,chillwave,dance-punk,39x9e2QDpAxK8xTuJDwRqR,https://i.scdn.co/image/7c06fcb2d6db556c5b6f94ab8964092632b50acd,https://i.scdn.co/image/d0e152141c4130414defe7406376f063ab8741c3,https://i.scdn.co/image/cd72d2ca013dc3bdf0a8ee3abc6581b6467bf020,41,artist
7,!!!,Datarock,8,https://open.spotify.com/artist/4foARo5aSfuIuDLupoxK4k,32858,alternative dance,bergen indie,dance-punk,new rave,,4foARo5aSfuIuDLupoxK4k,https://i.scdn.co/image/25ce781ae1f3b81c671cdd7e446b5f301071818b,https://i.scdn.co/image/d495ac731126485d0f45d4be1fdb730e612f5bbb,https://i.scdn.co/image/3f0613f609ac669db8e05219504804eb1bb9d808,40,artist
8,!!!,Soulwax,9,https://open.spotify.com/artist/43mWhBXSflupNLuNjM5vff,200282,alternative dance,belgian indie,belgian indie rock,belgian rock,big beat,43mWhBXSflupNLuNjM5vff,https://i.scdn.co/image/417d68a62c258e9adb243f1a263bb73f5d913c7a,https://i.scdn.co/image/89592452c863ee7b6b7dffebbd9d417717807c3d,https://i.scdn.co/image/d20edb68166bba157ecacdbef743aa7a91f10add,58,artist
9,!!!,WhoMadeWho,10,https://open.spotify.com/artist/50Lr1puweM1hFsF1LpIZLM,113459,alternative dance,dance-punk,danish indie,electronica,experimental pop,50Lr1puweM1hFsF1LpIZLM,https://i.scdn.co/image/12c1122c3b132d2baa1aeac12176972e613a9d29,https://i.scdn.co/image/a79b5f67b6e84b30f7970c3b0c4dd5f5996d0719,https://i.scdn.co/image/870c4fed8dc3fa296cd4e35fd553d1d0b8252767,57,artist
10,!!!,Simian Mobile Disco,11,https://open.spotify.com/artist/31DXlldabwPHwu6dYevuzK,145375,alternative dance,dance-punk,electroclash,electronica,filter house,31DXlldabwPHwu6dYevuzK,https://i.scdn.co/image/b263370b5b42672732a0f111de92950bf1c5d4f4,https://i.scdn.co/image/84bf59ee263ee4e391e03143f43124265dcc4c70,https://i.scdn.co/image/b3c3cf835018afe862e6a68ad17eaad19b5a099b,46,artist
11,!!!,Hercules & Love Affair,12,https://open.spotify.com/artist/1WHoAjAWGx5qLsgzpaOk7W,154510,alternative dance,art pop,dance pop,dance-punk,electronica,1WHoAjAWGx5qLsgzpaOk7W,https://i.scdn.co/image/5c1c4a094ca4ae1e25088725873ec12946daaf5c,https://i.scdn.co/image/095b9e1658fad2763d9ea4b59ab3e1e200a3056f,https://i.scdn.co/image/ff14895ff239af100f2390fcf3f69672cd38d2a2,54,artist
12,!!!,Holy Fuck,13,https://open.spotify.com/artist/6Q0gMZJNIebNFFaJeonc11,54103,alternative dance,chamber psych,dance-punk,electronic rock,electronica,6Q0gMZJNIebNFFaJeonc11,https://i.scdn.co/image/b924c966ed5adcfd5e2bc694cc80ef7e92552f24,https://i.scdn.co/image/4e1cb1a44fb5df3087ffe39f22981357b58855c7,https://i.scdn.co/image/92975814dafeed267d5c25f602f519aeb8f9123a,45,artist
13,!!!,Holy Ghost!,14,https://open.spotify.com/artist/2Vhc7Y0Kc6HzMC6glKM4h6,93485,alternative dance,chillwave,dance-punk,electronica,filter house,2Vhc7Y0Kc6HzMC6glKM4h6,https://i.scdn.co/image/c427a337a78206317fe7ab42f44e2fbc194f52bd,https://i.scdn.co/image/514604d07eda034abf59140419e11d4a3663e2e5,https://i.scdn.co/image/a86ddceb731bf2e44ff4169ce98dce49e82db5e9,46,artist
14,!!!,The Faint,15,https://open.spotify.com/artist/4A1yfFuBmBOgzv4Oe3fFHk,65264,alternative dance,dance-punk,electroclash,electropowerpop,indietronica,4A1yfFuBmBOgzv4Oe3fFHk,https://i.scdn.co/image/271c96aa0d602fa5575107331055471ff52da527,https://i.scdn.co/image/c9be015117178ba17ab3f849a56942edbcd3b17b,https://i.scdn.co/image/67f66206651dc4d4de8ef0fbff05d485060ee214,44,artist
15,!!!,Cut Copy,16,https://open.spotify.com/artist/4EENT7N7rCBwrddM3s0vFS,284309,alternative dance,australian dance,australian electropop,chillwave,dance-punk,4EENT7N7rCBwrddM3s0vFS,https://i.scdn.co/image/0d2c2458169c95cc2dd0f6bf488e68da68e8f73d,https://i.scdn.co/image/12df27192f6b7c699011f10d0abc19594c9fffdb,https://i.scdn.co/image/0083351c935eda4bc0e7179d9518fd345ddcb82e,56,artist
16,!!!,Midnight Juggernauts,17,https://open.spotify.com/artist/2tGIh9kwbXuko0z3BTldBx,46883,alternative dance,dance-punk,electrofox,electronica,filter house,2tGIh9kwbXuko0z3BTldBx,https://i.scdn.co/image/f4ce36a7226614b0ef886183cd4c0c9cd1d139f8,https://i.scdn.co/image/29a76dc36c850c0ef7e814562ce3f68c90ffac6c,https://i.scdn.co/image/25f5e5ae7cf2fcd59331b25e791e2845deafeb5c,38,artist
17,!!!,Digitalism,18,https://open.spotify.com/artist/2fBURuq7FrlH6z5F92mpOl,287083,alternative dance,big beat,dance-punk,electro house,electronica,2fBURuq7FrlH6z5F92mpOl,https://i.scdn.co/image/ebd3d86085c1e467945a7e41b8f63caaca53066a,https://i.scdn.co/image/f14dd22e82acefcbb32270b1a3e1eb9979087efb,https://i.scdn.co/image/be320171bf3f070fc95d16e9de8a236ece1b2052,56,artist
18,!!!,CSS,19,https://open.spotify.com/artist/2K13AVg3bFpHSxDM1vJ0qA,127539,alternative dance,dance-punk,electroclash,electronica,indietronica,2K13AVg3bFpHSxDM1vJ0qA,https://i.scdn.co/image/3e4001acbf6eb3994a535723976d3c83dc0ecb54,https://i.scdn.co/image/4de334cb5cdee1348ecf49a6d78f4378aecab5ca,https://i.scdn.co/image/8d15ad22c03d472ff5f73b83f4240f426ef9d80c,47,artist
19,!!!,Fischerspooner,20,https://open.spotify.com/artist/5R7K1GezC0jy24v1R2n4x3,98038,alternative dance,dance-punk,electroclash,electronica,electropop,5R7K1GezC0jy24v1R2n4x3,https://i.scdn.co/image/46ae3d445b55ac41558f84dc58ebe90599f80043,https://i.scdn.co/image/c92603edcdaa7d99e878a4f82205b54caaac7f95,https://i.scdn.co/image/bda5909258250d2fb4f5999995675b8226554649,47,artist
20,$eem,D12,1,https://open.spotify.com/artist/5Qi4Bb7a8C0a00NZcA77L0,1694956,detroit hip hop,gangster rap,hip hop,pop rap,rap,5Qi4Bb7a8C0a00NZcA77L0,https://i.scdn.co/image/462121abcc7994f6c677e4c7900a791a17feafee,https://i.scdn.co/image/1e2e08b41628310eec1a4659367513e82243ab4b,https://i.scdn.co/image/007a4ff7fca96ff1344905912c57da2f982d0b4d,68,artist
21,$eem,Bad Meets Evil,2,https://open.spotify.com/artist/77IURH5NC56Jn09QHi76is,1143033,detroit hip hop,gangster rap,hip hop,pop rap,rap,77IURH5NC56Jn09QHi76is,https://i.scdn.co/image/570d46c60960d93990710d83a5f8012217eb7aec,https://i.scdn.co/image/4f153c72bff6dccba21ffd360fc308f268a23659,https://i.scdn.co/image/139fd5a828a5e2c4b79d004ad7f42abf9db735c9,65,artist
22,$eem,The Game,3,https://open.spotify.com/artist/0NbfKEOTQCcwd6o7wSDOHI,3065776,gangster rap,hip hop,pop rap,rap,southern hip hop,0NbfKEOTQCcwd6o7wSDOHI,https://i.scdn.co/image/78b601bc99711d752b6e28eda5a4857315488166,https://i.scdn.co/image/4a1a5df2b342712465a5941b6edb6038aedcec39,https://i.scdn.co/image/0d12f74c9667e0fb789353805020e54e0a57936c,77,artist
23,$eem,Hopsin,4,https://open.spotify.com/artist/7EWU4FhUJM1sZQgQKdENeT,1837014,conscious hip hop,hip hop,pop rap,rap,,7EWU4FhUJM1sZQgQKdENeT,https://i.scdn.co/image/f63366e13ad4c40ff2595be8ee0f5e2268d606f5,https://i.scdn.co/image/e5ca26a6e157156cb4c3e8cdde2e7e082deb2951,https://i.scdn.co/image/daf89479ee9cc953e07a03ad7d798ebff3c73baf,70,artist
24,$eem,Yelawolf,5,https://open.spotify.com/artist/68DWke2VjdDmA75aJX5C57,1626418,alabama rap,hip hop,pop rap,rap,southern hip hop,68DWke2VjdDmA75aJX5C57,https://i.scdn.co/image/114c98dbc42f6920d40930d0c5c0997b3cb0eac1,https://i.scdn.co/image/b0b9d299dd4dd7c50e5c964bc4d367bc1f25b7d7,https://i.scdn.co/image/549710140f7ff6f64c6ecbeee193238ed1bc91df,73,artist
25,$eem,DMX,6,https://open.spotify.com/artist/1HwM5zlC5qNWhJtM00yXzG,2408228,east coast hip hop,gangster rap,hardcore hip hop,hip hop,pop rap,1HwM5zlC5qNWhJtM00yXzG,https://i.scdn.co/image/a164c44d2c4260d5c17df105601d0e9bb76f2ef2,https://i.scdn.co/image/8bf081adcfb9eb259fca3f0bd00b848153982d64,https://i.scdn.co/image/0de7a35c79b610f914106504cce67a86a90cfd91,74,artist
26,$eem,Tech N9ne,7,https://open.spotify.com/artist/6UBA15slIuadJ8h2lPRPos,1906487,hip hop,kansas city hip hop,pop rap,rap,,6UBA15slIuadJ8h2lPRPos,https://i.scdn.co/image/51f88e794401a338e9df945883c3c6a081451a63,https://i.scdn.co/image/bf8620753d9ea92623654686da01c16dac1925f2,https://i.scdn.co/image/f8498a95d0e21f42b2d0eb3b032ccf253955469c,76,artist
27,$eem,50 Cent,8,https://open.spotify.com/artist/3q7HBObVc0L8jNeTe5Gofh,6885376,east coast hip hop,gangster rap,hip hop,pop rap,queens hip hop,3q7HBObVc0L8jNeTe5Gofh,https://i.scdn.co/image/dd031b9c5d1b6eba4a691cd89c954255aae787f2,https://i.scdn.co/image/6f0da41419b31d9d2ba55d2df212f59ad0668118,https://i.scdn.co/image/df73c0cebe56cafe705ffdba5085ccbd5680bd16,86,artist
28,$eem,Dr. Dre,9,https://open.spotify.com/artist/6DPYiyq5kWVQS4RGwxzPC7,5465576,g funk,gangster rap,hip hop,rap,west coast rap,6DPYiyq5kWVQS4RGwxzPC7,https://i.scdn.co/image/83d2489cade1dadcdc533ddbcd74993d0ca6d4cb,https://i.scdn.co/image/170254ebdd747f4e7045df1cae8f11a42dc1a547,https://i.scdn.co/image/dd4a7102c5e1897bab2b1fa4bbc086fbe2fc87dc,83,artist
29,$eem,Xzibit,10,https://open.spotify.com/artist/4tujQJicOnuZRLiBFdp3Ou,1156621,detroit hip hop,g funk,gangster rap,hardcore hip hop,hip hop,4tujQJicOnuZRLiBFdp3Ou,https://i.scdn.co/image/f17bd1b3b6e1b72962ad8b0d60190b5ab725ad7c,https://i.scdn.co/image/565bd7e6cb475003a4a644a6a667ae5518a529f8,https://i.scdn.co/image/67979bd06edd104fb29fbc57c4a1542feb5682a2,69,artist
30,$eem,Obie Trice,11,https://open.spotify.com/artist/2XnnxQzxFZG8qEPjakokPM,587956,detroit hip hop,gangster rap,hardcore hip hop,hip hop,pop rap,2XnnxQzxFZG8qEPjakokPM,https://i.scdn.co/image/13998fd88695a34cec8350675cb3ceffa4573ae3,https://i.scdn.co/image/d6ebc26b7f361aa6de3a8992b49bf4a2536af3fc,https://i.scdn.co/image/08a2905bb68fb37de8d3bb426249a65732700696,62,artist
31,$eem,G-Unit,12,https://open.spotify.com/artist/6evKD5JWJON3qPBJtUEmtY,1408893,gangster rap,hardcore hip hop,hip hop,pop rap,queens hip hop,6evKD5JWJON3qPBJtUEmtY,https://i.scdn.co/image/a668bc3f083377ca8889e9f8273c752e0342c4e0,https://i.scdn.co/image/883505d6cbdbbb54837b345a84722dc78764ab67,https://i.scdn.co/image/9f44104fb873364b96ae5110f6a3959ba173f8e2,66,artist
32,$eem,Ice Cube,13,https://open.spotify.com/artist/3Mcii5XWf6E0lrY3Uky4cA,4259783,conscious hip hop,g funk,gangster rap,hardcore hip hop,hip hop,3Mcii5XWf6E0lrY3Uky4cA,https://i.scdn.co/image/8ed73361f9c205b88c4d092b2f628576e2c719c8,https://i.scdn.co/image/5414f371462d8c9d5d35c1a1b908d9f2a65fefbb,https://i.scdn.co/image/24c863b3ebfa8848f7691a2084456cd9a7dac567,77,artist
33,$eem,T.I.,14,https://open.spotify.com/artist/4OBJLual30L7gRl5UkeRcT,3636616,atl hip hop,dance pop,dirty south rap,gangster rap,hip hop,4OBJLual30L7gRl5UkeRcT,https://i.scdn.co/image/eae4a88e33baad4b4ce4605aa074c45766e94d09,https://i.scdn.co/image/b83211485b5ad5e57b9d3659a096ffef3d6f3171,https://i.scdn.co/image/c1cb65dc810e054da565baa5cbb746b6b44a9aed,80,artist
34,$eem,Snoop Dogg,15,https://open.spotify.com/artist/7hJcb9fa4alzcOq3EaNPoG,6652595,g funk,gangster rap,hip hop,pop rap,rap,7hJcb9fa4alzcOq3EaNPoG,https://i.scdn.co/image/11208d65843456cf3854717b8e411ef8fede7141,https://i.scdn.co/image/4ddba58867285a1e858291a108613526df2ce934,https://i.scdn.co/image/1e67815be9174e75753d52a006b86077a39719cf,87,artist
35,$eem,Ludacris,16,https://open.spotify.com/artist/3ipn9JLAPI5GUEo4y4jcoi,2078096,atl hip hop,dance pop,dirty south rap,hip hop,pop rap,3ipn9JLAPI5GUEo4y4jcoi,https://i.scdn.co/image/adcc1cb654e89f2e404688ae0d1bbc942ce02e5d,https://i.scdn.co/image/0515a0dfc9c25cd8290cc4be58abf6f66f21706a,https://i.scdn.co/image/ec9b2c869d9a04eae2fe5be44e285f5a48c97efd,81,artist
36,$eem,Joyner Lucas,17,https://open.spotify.com/artist/6C1ohJrd5VydigQtaGy5Wa,1596941,boston hip hop,hip hop,pop rap,rap,,6C1ohJrd5VydigQtaGy5Wa,https://i.scdn.co/image/994fdbaf1eff70a1263ec509bc857e73450871e1,https://i.scdn.co/image/b0b6ebed0eb8180d2ccc960af6540bb878761ab6,https://i.scdn.co/image/b2ed88d1cfd1ae50aad4d0e07a49f521772cf497,78,artist
37,$eem,The Notorious B.I.G.,18,https://open.spotify.com/artist/5me0Irg2ANcsgc93uaYrpb,6011451,east coast hip hop,gangster rap,hardcore hip hop,hip hop,rap,5me0Irg2ANcsgc93uaYrpb,https://i.scdn.co/image/1b4858fbd24046a81cace5ee18d19c868262b91f,https://i.scdn.co/image/9bb42de208edcb69653a8e7951fa93b13f598cdd,https://i.scdn.co/image/e56612ae56c9007e99ab36b83efd4faf6401260d,82,artist
38,$eem,N.W.A.,19,https://open.spotify.com/artist/4EnEZVjo3w1cwcQYePccay,3318180,conscious hip hop,gangster rap,hardcore hip hop,hip hop,old school hip hop,4EnEZVjo3w1cwcQYePccay,https://i.scdn.co/image/4f36d3f900eaf8381b0d3f5febe0e5bf8c94dbea,https://i.scdn.co/image/6c6c5456aa373c9cbf4f385c2dd69c4177e6e3fa,https://i.scdn.co/image/e3e634272efd0251c2b8298b25fcd4b659993178,69,artist
39,$eem,B.o.B,20,https://open.spotify.com/artist/5ndkK3dpZLKtBklKjxNQwT,1826591,atl hip hop,dance pop,hip hop,pop,pop dance,5ndkK3dpZLKtBklKjxNQwT,https://i.scdn.co/image/ac855e73f52190052ed8c4dfa03bc0b85bdc5ce5,https://i.scdn.co/image/3cc98fa86043616517d5991f9140f977faadfcf0,https://i.scdn.co/image/8464a22ceecf92740be8e6d9a9ad74939ebc8fca,78,artist
40,*NSYNC,Backstreet Boys,1,https://open.spotify.com/artist/5rSXSAkZ67PYJSvpUpkOr7,3694539,boy band,dance pop,europop,,,5rSXSAkZ67PYJSvpUpkOr7,https://i.scdn.co/image/c2212df3b6160f0ab0f1c8d5010e9218aab96fc0,https://i.scdn.co/image/5c8f97c71776a47a05ef89b61d2ad6827412291a,https://i.scdn.co/image/c65d7e07a73f0ed54e8fc4e5a6ea2c258c942d50,80,artist
41,*NSYNC,O-Town,2,https://open.spotify.com/artist/4zKhX6hYCQPNs406umP9Fx,204397,boy band,dance pop,,,,4zKhX6hYCQPNs406umP9Fx,https://i.scdn.co/image/6a90bfd3922ad2bd409751da70fe04f07c4b9b6d,https://i.scdn.co/image/23ce0949177a10d284fd9b662009dedd3e2a951e,https://i.scdn.co/image/09ae5c53acabfa836feda70852353aba478c3e5f,54,artist
42,*NSYNC,Aaron Carter,3,https://open.spotify.com/artist/5338fdSzGNOFD4cxAxDTeq,217104,dance pop,post-teen pop,,,,5338fdSzGNOFD4cxAxDTeq,https://i.scdn.co/image/898dfca434ebab303c3a00f93d1100fe9410c3bf,https://i.scdn.co/image/fb2990139cf8367054251c2ed227a5946fa15d52,https://i.scdn.co/image/9bf58d5ce7ac0213b4d79556989a439bd9480b50,49,artist
43,*NSYNC,Hanson,4,https://open.spotify.com/artist/0SdiiPkr02EUdekHZJkt58,323469,boy band,dance pop,neo mellow,pop rock,,0SdiiPkr02EUdekHZJkt58,https://i.scdn.co/image/852f7d758da2d8ba8b31a5a50d58afdf1bec0bb5,https://i.scdn.co/image/3f98593417aa4028bb84dd0a6dcec78c5b0d2d63,https://i.scdn.co/image/6e055e5b8ad84ce1e09808a440b01b778eb352ca,63,artist
44,*NSYNC,Five,5,https://open.spotify.com/artist/6rEzedK7cKWjeQWdAYvWVG,318557,boy band,bubblegum dance,dance pop,europop,,6rEzedK7cKWjeQWdAYvWVG,https://i.scdn.co/image/c7912a1e12fc68c9e662d64149bf97d0a7a14b1d,https://i.scdn.co/image/16f33c3c6ed8309eba53ad5a078f48d1d7afd3fe,https://i.scdn.co/image/34dd44f15feeacbc82e4cabf2060a3ec9ec9c6dc,59,artist
45,*NSYNC,M2M,6,https://open.spotify.com/artist/0ZzYDST6Dib7iYd8hmcLcH,286229,candy pop,dance pop,europop,girl group,norwegian pop,0ZzYDST6Dib7iYd8hmcLcH,https://i.scdn.co/image/ed0762ab4575a1203983e24d2e2190c774ae0fcb,https://i.scdn.co/image/8abafa7f5cc8f0e6522e0d0c8181caa3ea8090a6,https://i.scdn.co/image/802b95dadffbc3dd22be606b87c41ccc25833b0a,58,artist
46,*NSYNC,New Kids On The Block,7,https://open.spotify.com/artist/55qiaow2sDYtjqu1mwRua6,509787,boy band,dance pop,,,,55qiaow2sDYtjqu1mwRua6,https://i.scdn.co/image/0fa2c53d1a4256b05158ab81e34cb3092846f9e6,https://i.scdn.co/image/d955548a4fab770b6f4849beee4ca765b65a0f99,https://i.scdn.co/image/796088528009124ab66983bc4271bb831c26c7f6,61,artist
47,*NSYNC,98º,8,https://open.spotify.com/artist/6V03b3Y36lolYP2orXn8mV,303083,boy band,dance pop,,,,6V03b3Y36lolYP2orXn8mV,https://i.scdn.co/image/724da94d50ed555288c2fcf3cfd82e900c6fd0c0,https://i.scdn.co/image/8ec5c707c8bbf68f8803bff6040f79aab59c1850,https://i.scdn.co/image/23672431cdd798b63513765c5e411d8efbbe3a5a,60,artist
48,*NSYNC,Jessica Simpson,9,https://open.spotify.com/artist/2tFN9ubMXEhdAQvdQxcsma,900012,dance pop,post-teen pop,,,,2tFN9ubMXEhdAQvdQxcsma,https://i.scdn.co/image/82af2788a1423143a5edd5ec1c3301df85717590,https://i.scdn.co/image/5a651729912dbaa72e2a197fef1e9d8425b93cbc,https://i.scdn.co/image/577f3f86d35528976f624d75a66c480ef3340db9,57,artist
49,*NSYNC,Boyzone,10,https://open.spotify.com/artist/6X9aYHnQ75YI8o08aoa0iS,668684,boy band,bubblegum dance,dance pop,europop,,6X9aYHnQ75YI8o08aoa0iS,https://i.scdn.co/image/588a07548bc91a664fafbaa04c1936a4759f5bcf,https://i.scdn.co/image/883180c006180df24b5f5144a5ebcec58bc84663,https://i.scdn.co/image/025aa3b4d39e38e7c8597dd7ca7fdfb8076c3a9a,64,artist
50,*NSYNC,S Club 7,11,https://open.spotify.com/artist/1kM5rgJvkiDMOoKX56H6pX,432887,bubblegum dance,dance pop,europop,,,1kM5rgJvkiDMOoKX56H6pX,https://i.scdn.co/image/b24d7f79496b9767e070fc7dc1a623eafb9d7674,https://i.scdn.co/image/186fc0fbd85e9894b4e3a1b6b942833ff8f8289d,https://i.scdn.co/image/2150d259135c88e5d2d357092951f072b0175224,63,artist
51,*NSYNC,A*Teens,12,https://open.spotify.com/artist/5zMgvYBz4AW0gFyPtg7fR9,129375,bubblegum dance,dance pop,europop,,,5zMgvYBz4AW0gFyPtg7fR9,https://i.scdn.co/image/02d0b6cc0b28a6c18c3575649170800b985dfc15,https://i.scdn.co/image/c6cb198d9a3565d372dde4686e3ab3ca037f48dd,https://i.scdn.co/image/34472ac519fb8a0e6be2b30009574b7648b5d124,52,artist
52,*NSYNC,Jesse McCartney,13,https://open.spotify.com/artist/2Hjj68yyUPiC0HKEOigcEp,772026,dance pop,neo mellow,pop,pop rock,post-teen pop,2Hjj68yyUPiC0HKEOigcEp,https://i.scdn.co/image/39eb57f413179fb8b49e147df75986713f8a6d1e,https://i.scdn.co/image/dc619377a21d9c54381774e0bee281462942e7f6,https://i.scdn.co/image/3deb8977427741a95d7dc33ad111d9e91a312e73,68,artist
53,*NSYNC,A1,14,https://open.spotify.com/artist/5lPsVvHVDr6R5mDxRUXdOs,310312,boy band,bubblegum dance,dance pop,europop,,5lPsVvHVDr6R5mDxRUXdOs,https://i.scdn.co/image/94524bc4caa3f4f3cadb6bf4b00b38793c5b0a6a,https://i.scdn.co/image/dbc2cf3bc929f4cf6963d072a0045b46c4dfd8f3,https://i.scdn.co/image/e73e056ae409935ee72613c8c6ba0c5b3ff428df,56,artist
54,*NSYNC,Mandy Moore,15,https://open.spotify.com/artist/2LJxr7Pt3JnP60eLxwbDOu,542419,dance pop,hollywood,movie tunes,post-teen pop,show tunes,2LJxr7Pt3JnP60eLxwbDOu,https://i.scdn.co/image/e2e4e9ca3b95700ee850f6c042dbfe1333492d33,https://i.scdn.co/image/3c324c25c6a0e885ccb90cbc7a48481dafa21629,https://i.scdn.co/image/f2cdcb45675123b012d41080fd7871633e4be6fc,69,artist
55,*NSYNC,BBMAK,16,https://open.spotify.com/artist/7y1GT7SdgGiFLWoktv2TSw,60302,boy band,,,,,7y1GT7SdgGiFLWoktv2TSw,https://i.scdn.co/image/a48eaa41c9b48289de4e452c863efae98e575ec5,https://i.scdn.co/image/2a6789e948b12d669ad0245bd0fe5705eb06eb7c,https://i.scdn.co/image/1a831149c1494e0d4d6dee407dc0c8c93665cd45,44,artist
56,*NSYNC,Savage Garden,17,https://open.spotify.com/artist/3NRFinRTEqUCfaTTZmk8ek,813769,australian pop,boy band,dance pop,europop,pop rock,3NRFinRTEqUCfaTTZmk8ek,https://i.scdn.co/image/b3e1832c83d4dd154552dc708e24d15def248bb7,https://i.scdn.co/image/4a753d83112fa0b56653e02c2df9bf3a297aa3d6,https://i.scdn.co/image/1cf6e4ea094011b10e4e01de0548f5bd37642113,69,artist
57,*NSYNC,Westlife,18,https://open.spotify.com/artist/5Z1CCuBsyhEHngq3U5IraY,2060939,boy band,dance pop,europop,,,5Z1CCuBsyhEHngq3U5IraY,https://i.scdn.co/image/1f91466d206add41e671f0c2ad5c950707859241,https://i.scdn.co/image/3b169c1fb31566888dd69c79c0d13167074960bd,https://i.scdn.co/image/609a546a0964de839d74522dca6118227681bf3f,75,artist
58,*NSYNC,Spice Girls,19,https://open.spotify.com/artist/0uq5PttqEjj3IH1bzwcrXF,2142224,dance pop,europop,girl group,pop,pop rock,0uq5PttqEjj3IH1bzwcrXF,https://i.scdn.co/image/19734cdc70263d6c2bb1bf31199a68b9fe5cae10,https://i.scdn.co/image/c6f6b80a3f338b7577a6daa6e27cb0c3f621bb02,https://i.scdn.co/image/b3735875464b8ad99eae02ea75efff9220b871b5,73,artist
59,*NSYNC,Nick Carter,20,https://open.spotify.com/artist/6eIPFXnKPqSQVxgsU4hELI,144819,,,,,,6eIPFXnKPqSQVxgsU4hELI,https://i.scdn.co/image/fea1f0b88234caa95f50d1c27fef14721612ccbe,https://i.scdn.co/image/3a089ff05d9815bb09d6ad59f0ab8c84b96486f2,https://i.scdn.co/image/7f5d3cf0dde7c625517e8fa4aa025ad9da296294,45,artist
60,"10,000 Maniacs",Edie Brickell & New Bohemians,1,https://open.spotify.com/artist/4awU3JRQXIYoxabdwO92AU,95961,folk,lilith,new wave pop,pop rock,,4awU3JRQXIYoxabdwO92AU,https://i.scdn.co/image/b6265c5de2892a3d38314bc5b48390a0c317c31d,https://i.scdn.co/image/ce0cd2804f2c3670129b6f2f3d639d55581e0e9a,https://i.scdn.co/image/e73b271007c06466820a8cffbf094b6d3115a06f,49,artist
61,"10,000 Maniacs",Natalie Merchant,2,https://open.spotify.com/artist/73JEBdDEFeVaOLg3y0HhBD,273251,folk,lilith,mellow gold,new wave pop,pop rock,73JEBdDEFeVaOLg3y0HhBD,https://i.scdn.co/image/ddd74a143aa8f3334e430fc6c0fe439e192d7d51,https://i.scdn.co/image/c7c1a0c29080ad0628071d00daae6e1890200bbb,https://i.scdn.co/image/690166af575b8e1d2ffca0263de9e34f2af2fb2c,57,artist
62,"10,000 Maniacs",Suzanne Vega,3,https://open.spotify.com/artist/3X0tJzVYoWlfjLYI0Ridsw,311415,folk,lilith,new wave pop,permanent wave,pop rock,3X0tJzVYoWlfjLYI0Ridsw,https://i.scdn.co/image/423aeaee7946f878af2fa7416cd560e77cfef734,https://i.scdn.co/image/408060feab7903dd218a29f7ce541745631754e2,https://i.scdn.co/image/fb6513b0997b831c6a46c383ea6273763f833b6a,59,artist
63,"10,000 Maniacs",Indigo Girls,4,https://open.spotify.com/artist/4wM29TDTr3HI0qFY3KoSFG,216861,folk,lilith,pop rock,women's music,,4wM29TDTr3HI0qFY3KoSFG,https://i.scdn.co/image/9b8e6fce6d35e0803dfc00c9a003ec03a98f60d0,https://i.scdn.co/image/d2f7d05bcdfe44d8e25f8b29ad3d5d0b3281ae14,https://i.scdn.co/image/c42f5ac3e1cd29fb41fe7f28ad1eb5da212ae6a6,57,artist
64,"10,000 Maniacs",Aimee Mann,5,https://open.spotify.com/artist/3UpIbyXfGzmHG6TMH4dJEk,171770,folk,lilith,new wave pop,permanent wave,pop rock,3UpIbyXfGzmHG6TMH4dJEk,https://i.scdn.co/image/f01d75970ed8e895c0fc26dc1ab42a569567ba6f,https://i.scdn.co/image/f568485ec18785353b3bbee877cd093ac6826aeb,https://i.scdn.co/image/e0d70a7e9fbe57d14a4b2ebf6c140157d20e8900,55,artist
65,"10,000 Maniacs",Shawn Colvin,6,https://open.spotify.com/artist/0K7VN4aHxHcEb7PqkfoIVA,93507,austin singer-songwriter,ectofolk,folk,folk rock,lilith,0K7VN4aHxHcEb7PqkfoIVA,https://i.scdn.co/image/420afb038c78cab23b6e02bf5bc5c5c85eb26517,https://i.scdn.co/image/0ba943568a32700c4d1e542cc306ce158469fa85,https://i.scdn.co/image/a813904b840830c57c3d5ee214d6460edd659881,50,artist
66,"10,000 Maniacs",Sinéad O'Connor,7,https://open.spotify.com/artist/4sD9znwiVFx9cgRPZ42aQ1,637436,folk,lilith,new wave pop,pop rock,,4sD9znwiVFx9cgRPZ42aQ1,https://i.scdn.co/image/01302e48d0723ef0bb11af123826d7016585995d,https://i.scdn.co/image/ea4aa4284bb75aef504c065aefd6e79a6079f99f,https://i.scdn.co/image/95ca3f18fd46e001c2fce1582e2d43078852c09c,64,artist
67,"10,000 Maniacs",Toad The Wet Sprocket,8,https://open.spotify.com/artist/4j7EVY3kuDwLPfD2jfC7LC,226716,alternative rock,neo mellow,pop rock,rock,,4j7EVY3kuDwLPfD2jfC7LC,https://i.scdn.co/image/1b5734779c3df4dbe7af0a71886a2b8a38d37293,https://i.scdn.co/image/755a9d3147512d6a3e7e51553125316500e9fa41,https://i.scdn.co/image/f82ac3457dcc4993ef9f1472fa9d625940878afb,55,artist
68,"10,000 Maniacs",Concrete Blonde,9,https://open.spotify.com/artist/2ICSjfBpos9PxMhGhX25N2,78665,lilith,new wave pop,,,,2ICSjfBpos9PxMhGhX25N2,https://i.scdn.co/image/991771c03314c5403f95a3b993b9ee84567adb04,https://i.scdn.co/image/bc0dd85262e35709496fa32a60833f1fc04c9b97,https://i.scdn.co/image/0b68ade4d82240b4e2e662fb090553c88b2e6cf5,51,artist
69,"10,000 Maniacs",The Sundays,10,https://open.spotify.com/artist/4nlqDmbzFzbNITaqjJv7D7,102766,alternative pop,alternative rock,dream pop,lilith,new wave pop,4nlqDmbzFzbNITaqjJv7D7,https://i.scdn.co/image/d11ee55598e458475cf9b34ce3bc7ffde96aceb4,https://i.scdn.co/image/a7890f42a032eae40da5b14da2b2c3fc520cb1c2,https://i.scdn.co/image/a4e7d0ed50099e6001c123d8089f518c3bcdb5b0,53,artist
70,"10,000 Maniacs",Cowboy Junkies,11,https://open.spotify.com/artist/3CYSRCHfilgR8DSbkCMp5j,121166,alternative country,classic canadian rock,country rock,folk,folk rock,3CYSRCHfilgR8DSbkCMp5j,https://i.scdn.co/image/bf07179423d8fe326532a10ba725970f13e022e3,https://i.scdn.co/image/30857c511bdd504904f49c5cc705221ab9c68ac6,https://i.scdn.co/image/517be3942bf305ed59af67530c820cf926af6e3d,53,artist
71,"10,000 Maniacs",Liz Phair,12,https://open.spotify.com/artist/2LXeJdQVcFkhkWydphLI74,111270,alternative pop,alternative rock,anti-folk,candy pop,folk,2LXeJdQVcFkhkWydphLI74,https://i.scdn.co/image/99b23dd8565d16f6d67c1de8ffcb5bf1fdcb5425,https://i.scdn.co/image/efe4fb72b9ea49dc95bf701c0b036c2144768398,https://i.scdn.co/image/5a48269f3344f43832cc1954d7cd3515e34d0ba3,51,artist
72,"10,000 Maniacs",Joan Osborne,13,https://open.spotify.com/artist/0djV4iaxhNfYWpH60ia85o,131219,folk,lilith,new wave pop,pop rock,singer-songwriter,0djV4iaxhNfYWpH60ia85o,https://i.scdn.co/image/050743af9c4769f7a93ca7889945b8cb172da047,https://i.scdn.co/image/1749de1e463bed9f32d0cd532fa2cfef578f3862,https://i.scdn.co/image/31c4d2400fd117de0ba0289c3df25cb6b67ec660,57,artist
73,"10,000 Maniacs",Beth Orton,14,https://open.spotify.com/artist/6cLEWhEKQl6nAvgr60M7zC,99524,folk,folktronica,lilith,new wave pop,pop rock,6cLEWhEKQl6nAvgr60M7zC,https://i.scdn.co/image/431d0bf177bacc0ec38c8b602141d6c19f7dbec9,https://i.scdn.co/image/ba981505de9b8b27b65489cbda3a858461138220,https://i.scdn.co/image/56703ce9df211dc48080915bcca05587f561e503,48,artist
74,"10,000 Maniacs",Sarah McLachlan,15,https://open.spotify.com/artist/4NgNsOXSwIzXlUIJcpnNUp,613362,canadian pop,canadian singer-songwriter,ectofolk,folk,lilith,4NgNsOXSwIzXlUIJcpnNUp,https://i.scdn.co/image/2905ddfabd560f453c268a08a6efc321e983bc8b,https://i.scdn.co/image/d943f32b77a7ba32d3744d64f7e2a83e787dd6cb,https://i.scdn.co/image/693fb30b52273cf410c674ca881a6d36070e383b,67,artist
75,"10,000 Maniacs",Paula Cole,16,https://open.spotify.com/artist/08DLZqQd6XDAVteF9nSEJ1,108198,ectofolk,folk,lilith,new wave pop,pop rock,08DLZqQd6XDAVteF9nSEJ1,https://i.scdn.co/image/6a884cd4fc8e2edb3b718520b4b7b19e762a53b1,https://i.scdn.co/image/e861630582d928ac088b72bfdc2b96bc25e2e650,https://i.scdn.co/image/9072130f3ea12f8d24195cbce97768a46aa5af12,54,artist
76,"10,000 Maniacs",k.d. lang,17,https://open.spotify.com/artist/6W1BHDF0T4a4KYcSwzD586,254903,canadian country,canadian pop,canadian singer-songwriter,folk,folk rock,6W1BHDF0T4a4KYcSwzD586,https://i.scdn.co/image/ab6772690000c46c50e1bed25cc59c8cfac9c0b6,https://i.scdn.co/image/ab6772690000dd2250e1bed25cc59c8cfac9c0b6,https://i.scdn.co/image/ab6772690000bac350e1bed25cc59c8cfac9c0b6,57,artist
77,"10,000 Maniacs",Bodeans,18,https://open.spotify.com/artist/2D2qwEatKbBSKhBCfP6lyn,26988,pop rock,roots rock,,,,2D2qwEatKbBSKhBCfP6lyn,https://i.scdn.co/image/da562e62c880ac4e9e42ab9b74754475e9716b90,https://i.scdn.co/image/243c7a7270b36118f893849dccfaafad8caa2fa5,https://i.scdn.co/image/fcbdca877c00bc8587de50308edc8eaecef28013,45,artist
78,"10,000 Maniacs",World Party,19,https://open.spotify.com/artist/0THUMJMWUd5L8os9K6O4FE,29456,art rock,beatlesque,jangle pop,new wave,new wave pop,0THUMJMWUd5L8os9K6O4FE,https://i.scdn.co/image/a747e39f52c706c8df1dd0311b582f5905682adf,https://i.scdn.co/image/ba57e4d976dc1d620211bfa2b77558220ced3c18,https://i.scdn.co/image/5cfb8f897855358003e03bc27e4b178c0062a8e4,48,artist
79,"10,000 Maniacs",Melissa Etheridge,20,https://open.spotify.com/artist/01Ppu7N8uYJI8SAONo2YZA,302106,folk,heartland rock,lilith,mellow gold,pop rock,01Ppu7N8uYJI8SAONo2YZA,https://i.scdn.co/image/e0ec9447f53fa65060f03ae4b9c9c4632ca18864,https://i.scdn.co/image/bdc82194e62ef65c7fbaee6600569bb26cbc1c12,https://i.scdn.co/image/b3b39b451459470446f70bd3c953fbc889e11afd,58,artist
80,11th Hour,The Perrys,1,https://open.spotify.com/artist/1xRTBMpX8h8nOZ60Gg98gU,16125,family gospel,southern gospel,,,,1xRTBMpX8h8nOZ60Gg98gU,https://i.scdn.co/image/4b421177d4d048f4e940ccc5295aed355c6954b3,https://i.scdn.co/image/b91bc056649d214acbc0efcd7c3d2c932d775c7b,https://i.scdn.co/image/673485d1838e9282a21f6611d156ef683a159293,37,artist
81,11th Hour,C.T. & Becky Townsend,2,https://open.spotify.com/artist/1VJsmQ2HV11gfMhgO82edx,5206,family gospel,,,,,1VJsmQ2HV11gfMhgO82edx,https://i.scdn.co/image/ab67616d0000b273538a21fc3fba46303b0c6bcc,https://i.scdn.co/image/ab67616d00001e02538a21fc3fba46303b0c6bcc,https://i.scdn.co/image/ab67616d00004851538a21fc3fba46303b0c6bcc,32,artist
82,11th Hour,Joseph Habedank,3,https://open.spotify.com/artist/1E5fXe9FugDtjPJXLjc3be,5605,southern gospel,,,,,1E5fXe9FugDtjPJXLjc3be,https://i.scdn.co/image/0f7dab9d530811b401f2502c9847197da2fb56c2,https://i.scdn.co/image/a13ce3fb0d77a83865d2d4782adfccd5343bd344,https://i.scdn.co/image/a3154da3ddb608a6b637c87ea9ecb0e7fd9b1c95,32,artist
83,11th Hour,Carr Family,4,https://open.spotify.com/artist/7kRiiX8cYVPrNr2C5gczaW,5050,family gospel,,,,,7kRiiX8cYVPrNr2C5gczaW,https://i.scdn.co/image/ab67616d0000b273122a763932b0dff2fe98eb13,https://i.scdn.co/image/ab67616d00001e02122a763932b0dff2fe98eb13,https://i.scdn.co/image/ab67616d00004851122a763932b0dff2fe98eb13,31,artist
84,11th Hour,The Talleys,5,https://open.spotify.com/artist/0xAHllnAJZX2DlM8z2A0hC,7325,family gospel,southern gospel,,,,0xAHllnAJZX2DlM8z2A0hC,https://i.scdn.co/image/424829d71dfe54f6df08b916f1a3a4bbf57925fd,https://i.scdn.co/image/72a00ee66b0c9269745216e947214483f73366bf,https://i.scdn.co/image/a5bb12bb7d43413e5db3828e57c94eb8907b6da3,35,artist
85,11th Hour,The Bowling Family,6,https://open.spotify.com/artist/0TRz7X2pWrNlOqmF0MmcSK,3332,family gospel,southern gospel,,,,0TRz7X2pWrNlOqmF0MmcSK,https://i.scdn.co/image/ab67616d0000b2736dcc9828a5ec32098ce33fa6,https://i.scdn.co/image/ab67616d00001e026dcc9828a5ec32098ce33fa6,https://i.scdn.co/image/ab67616d000048516dcc9828a5ec32098ce33fa6,26,artist
86,11th Hour,The Erwins,7,https://open.spotify.com/artist/6fP0zhB7y3p0SKO513H9DD,4157,family gospel,,,,,6fP0zhB7y3p0SKO513H9DD,https://i.scdn.co/image/683163f952c36a727a289f02bbd7ed9a102ad441,https://i.scdn.co/image/53ef64b1105dc9665b9adcb706844d8c446f6a76,https://i.scdn.co/image/591d33c76728412b26970e9fe0a50fcf0a384cf8,28,artist
87,11th Hour,Karen Peck & New River,8,https://open.spotify.com/artist/7F1556VoxW6M06EOc2AnA5,17083,southern gospel,,,,,7F1556VoxW6M06EOc2AnA5,https://i.scdn.co/image/f80dd806419531fb9b1fb88429fc91ad60b3e1bf,https://i.scdn.co/image/209a32a6632574107a713ca9cbda3169fbdcb170,https://i.scdn.co/image/0f63da25dba318a27705e06d30c1f3bcfcab6cf6,38,artist
88,11th Hour,Brian Free,9,https://open.spotify.com/artist/57PRB2opCrH6LlWS4INhi0,14950,southern gospel,,,,,57PRB2opCrH6LlWS4INhi0,https://i.scdn.co/image/ab67616d0000b273c4aef817749cfc94184069fe,https://i.scdn.co/image/ab67616d00001e02c4aef817749cfc94184069fe,https://i.scdn.co/image/ab67616d00004851c4aef817749cfc94184069fe,38,artist
89,11th Hour,The Old Paths,10,https://open.spotify.com/artist/59FfqLqvVuyo9AIdEnR0HG,4209,southern gospel,,,,,59FfqLqvVuyo9AIdEnR0HG,https://i.scdn.co/image/e955bc747500192292ef43415d64b4b8111b6315,https://i.scdn.co/image/eeacda39cffef4e7b6b409138ea1ee9de8595c1f,https://i.scdn.co/image/39be2c3830682e15b1c6c74eeb170fec0b1befe3,29,artist
90,11th Hour,The Whisnants,11,https://open.spotify.com/artist/4c7zlvrqio2WjtIIGTx1pm,3483,family gospel,southern gospel,,,,4c7zlvrqio2WjtIIGTx1pm,https://i.scdn.co/image/ab67616d0000b2731b63c095a2e290044f95c274,https://i.scdn.co/image/ab67616d00001e021b63c095a2e290044f95c274,https://i.scdn.co/image/ab67616d000048511b63c095a2e290044f95c274,26,artist
91,11th Hour,Triumphant Quartet,12,https://open.spotify.com/artist/60yKIk5WTQfPrkZPcdohVC,12890,southern gospel,,,,,60yKIk5WTQfPrkZPcdohVC,https://i.scdn.co/image/07ac0c680840dcecf69a1f3ec464fdb8a1c6497a,https://i.scdn.co/image/e95f445407d7f28b6c5ddc8432ce6fa15edd6db3,https://i.scdn.co/image/dcbadead2170c18e9cdf0fcaa7e1c53eed9cfa61,39,artist
92,11th Hour,The Lindseys,13,https://open.spotify.com/artist/3lUosnxUNCggs7r4yCln0R,1459,family gospel,,,,,3lUosnxUNCggs7r4yCln0R,https://i.scdn.co/image/ab67616d0000b2735b8a3fdf1b10afbb065cb375,https://i.scdn.co/image/ab67616d00001e025b8a3fdf1b10afbb065cb375,https://i.scdn.co/image/ab67616d000048515b8a3fdf1b10afbb065cb375,27,artist
93,11th Hour,The McKameys,14,https://open.spotify.com/artist/5XKuliaOmskgaVt1VQ6ljF,15084,family gospel,southern gospel,,,,5XKuliaOmskgaVt1VQ6ljF,https://i.scdn.co/image/be1da004747d2db7ca9693f151191532a4f8d5f3,https://i.scdn.co/image/5a99e050d04f3b5ad2abf366a8946974d036368f,https://i.scdn.co/image/acb395f6a1617c55dfc2c7579792ce81011469b5,37,artist
94,11th Hour,The Nelons,15,https://open.spotify.com/artist/6qL6hgjCwgoC8VG7MuY7wn,10591,family gospel,southern gospel,,,,6qL6hgjCwgoC8VG7MuY7wn,https://i.scdn.co/image/798b14880481669fcc4c7757ce41f1b46a3400d5,https://i.scdn.co/image/8a7cc359ef5324c5c9018015451fefab76a0bb2b,https://i.scdn.co/image/e310bd01b2bdc44dbc1684502b64f08ed587ae6c,31,artist
95,11th Hour,The Taylors,16,https://open.spotify.com/artist/7cWAsRKW1DL0pRUXWyCDsX,1802,,,,,,7cWAsRKW1DL0pRUXWyCDsX,https://i.scdn.co/image/69d4c6e071ea949df77e19ab3a9b39606f5add9f,https://i.scdn.co/image/aaad6ce28694a4be92a1ca4a983141492356763b,https://i.scdn.co/image/013020f68f433ed109e27887a236bfdac0085b4c,19,artist
96,11th Hour,The Simpson Family,17,https://open.spotify.com/artist/6uJmO2zjVO4ISvl9xjLEjH,2422,family gospel,,,,,6uJmO2zjVO4ISvl9xjLEjH,https://i.scdn.co/image/ab67616d0000b2731529251a810598a90a65d47a,https://i.scdn.co/image/ab67616d00001e021529251a810598a90a65d47a,https://i.scdn.co/image/ab67616d000048511529251a810598a90a65d47a,20,artist
97,11th Hour,Kingdom Heirs,18,https://open.spotify.com/artist/6CPiQbiF0iVrQfGa4iDjqW,12622,southern gospel,,,,,6CPiQbiF0iVrQfGa4iDjqW,https://i.scdn.co/image/ee86eeafb5252b82c53f75261cdf93be651680a0,https://i.scdn.co/image/c458c20017341b5414871ef4673113b468d47cc3,https://i.scdn.co/image/88b348018db69975b56cdd6c2032745a37bac8b8,37,artist
98,11th Hour,The LeFevre Quartet,19,https://open.spotify.com/artist/6hcVPBaGt8ooJFwaSIIrwx,2229,family gospel,southern gospel,,,,6hcVPBaGt8ooJFwaSIIrwx,https://i.scdn.co/image/ea331ef6b71f76147f9fb7b5dbc1c5684c2f5f4e,https://i.scdn.co/image/61ccdcd7ee21551c8886382480390c5d995e203e,https://i.scdn.co/image/70f0b006aeb2111e40edfa7093dbaa4c54eb16cd,24,artist
99,11th Hour,Greater Vision,20,https://open.spotify.com/artist/2OmbA7QlIOP6jrevUft2BG,17853,southern gospel,,,,,2OmbA7QlIOP6jrevUft2BG,https://i.scdn.co/image/94dedb3cb0d6a967dd2dcfd23bd66bc0d01df324,https://i.scdn.co/image/c24b74e323c3b2821c3475f3e9394558b1b6b013,https://i.scdn.co/image/2785c184ffef170272312a94784270e4a92c43ab,38,artist
100,13 Original Broadway Cast,J. Robert Spencer,1,https://open.spotify.com/artist/42dPCbQ02s8peUgGMCdwLK,1550,broadway,show tunes,,,,42dPCbQ02s8peUgGMCdwLK,https://i.scdn.co/image/ab67616d0000b27323d5843ab70e5edf3f15dee7,https://i.scdn.co/image/ab67616d00001e0223d5843ab70e5edf3f15dee7,https://i.scdn.co/image/ab67616d0000485123d5843ab70e5edf3f15dee7,42,artist
101,13 Original Broadway Cast,Alice Ripley,2,https://open.spotify.com/artist/7KLUKenP88WNsnb7MKa70M,12896,broadway,hollywood,show tunes,,,7KLUKenP88WNsnb7MKa70M,https://i.scdn.co/image/21deec7944e1daf92909b5d3500d33a84a176610,https://i.scdn.co/image/2707c54454e8e15576bf092f4d8529270295bfe8,https://i.scdn.co/image/909c3bd22c26a5eb362b504bc5d6f449297750a9,45,artist
102,13 Original Broadway Cast,Jennifer Damiano,3,https://open.spotify.com/artist/64sJUOKAnROFdxjvpGxvl5,2696,broadway,hollywood,show tunes,,,64sJUOKAnROFdxjvpGxvl5,,,,43,artist
103,13 Original Broadway Cast,Jason Robert Brown,4,https://open.spotify.com/artist/5ol7Hq695R9m2bT9T3FiQx,19062,broadway,show tunes,,,,5ol7Hq695R9m2bT9T3FiQx,https://i.scdn.co/image/3ccfe88c145f8d314ad00aecd89e981c75f7cfcb,https://i.scdn.co/image/3d7eab18a2be46af601e7b4aefd318ae126ef3ab,https://i.scdn.co/image/35a7a6d82afa36194ed9ae7c65e19945fb6eab5f,35,artist
104,13 Original Broadway Cast,Norbert Leo Butz,5,https://open.spotify.com/artist/2LEinBhufpsqT17c5XYomF,6752,broadway,hollywood,show tunes,,,2LEinBhufpsqT17c5XYomF,https://i.scdn.co/image/ab67616d0000b2730d46b515e201c681609e5726,https://i.scdn.co/image/ab67616d00001e020d46b515e201c681609e5726,https://i.scdn.co/image/ab67616d000048510d46b515e201c681609e5726,44,artist
105,13 Original Broadway Cast,Sherie Rene Scott,6,https://open.spotify.com/artist/2I5SzHTskqEe8LJl4IvwnT,7231,broadway,hollywood,show tunes,,,2I5SzHTskqEe8LJl4IvwnT,https://i.scdn.co/image/ab67616d0000b27359478e9a0af982f8cc3833b7,https://i.scdn.co/image/ab67616d00001e0259478e9a0af982f8cc3833b7,https://i.scdn.co/image/ab67616d0000485159478e9a0af982f8cc3833b7,40,artist
106,13 Original Broadway Cast,Sutton Foster,7,https://open.spotify.com/artist/2RWaZohsuqSJX9xWX3p95G,35272,broadway,hollywood,show tunes,,,2RWaZohsuqSJX9xWX3p95G,https://i.scdn.co/image/b73adcba423692245bd8a2f6040e42e2890cb2c8,https://i.scdn.co/image/3aa172a02bcbb7bc018a76d460c7369e1c644372,https://i.scdn.co/image/5c9fd4d49d3755b5264bd7d8cd2ff8eaebb2464d,48,artist
107,13 Original Broadway Cast,Marin Mazzie,8,https://open.spotify.com/artist/26HZcBntJsXRix4UH8VpL8,3678,broadway,hollywood,show tunes,,,26HZcBntJsXRix4UH8VpL8,https://i.scdn.co/image/ab67616d0000b273d989f2984deeef95581f32b9,https://i.scdn.co/image/ab67616d00001e02d989f2984deeef95581f32b9,https://i.scdn.co/image/ab67616d00004851d989f2984deeef95581f32b9,34,artist
108,13 Original Broadway Cast,Gavin Creel,9,https://open.spotify.com/artist/1jYpJw3SwzAvRKqmGQalrm,6233,broadway,show tunes,,,,1jYpJw3SwzAvRKqmGQalrm,https://i.scdn.co/image/ab67616d0000b273fc495404355108af4a54d2e7,https://i.scdn.co/image/ab67616d00001e02fc495404355108af4a54d2e7,https://i.scdn.co/image/ab67616d00004851fc495404355108af4a54d2e7,39,artist
109,13 Original Broadway Cast,Stephanie J. Block,10,https://open.spotify.com/artist/4B6QaGBWXq8Y7tH7AMM3bN,7986,broadway,hollywood,show tunes,,,4B6QaGBWXq8Y7tH7AMM3bN,https://i.scdn.co/image/ab67616d0000b2736d343008fe4df61b7812f6fb,https://i.scdn.co/image/ab67616d00001e026d343008fe4df61b7812f6fb,https://i.scdn.co/image/ab67616d000048516d343008fe4df61b7812f6fb,45,artist
110,13 Original Broadway Cast,Aaron Tveit,11,https://open.spotify.com/artist/68h2f0WXn4zEctSgNYozXx,29265,broadway,hollywood,show tunes,,,68h2f0WXn4zEctSgNYozXx,https://i.scdn.co/image/ab67616d0000b27356896680295a2000b46609f4,https://i.scdn.co/image/ab67616d00001e0256896680295a2000b46609f4,https://i.scdn.co/image/ab67616d0000485156896680295a2000b46609f4,58,artist
111,13 Original Broadway Cast,Julia Murney,12,https://open.spotify.com/artist/3Qh4BqmMzQZwvRcX5eYWbg,2334,broadway,show tunes,,,,3Qh4BqmMzQZwvRcX5eYWbg,https://i.scdn.co/image/ab67616d0000b273d84bf705efa747190abcc9d4,https://i.scdn.co/image/ab67616d00001e02d84bf705efa747190abcc9d4,https://i.scdn.co/image/ab67616d00004851d84bf705efa747190abcc9d4,28,artist
112,13 Original Broadway Cast,Bring It On: The Musical - Original Broadway Cast,13,https://open.spotify.com/artist/5VbVlOyCYdM5ikZMoz3dRg,22218,broadway,show tunes,,,,5VbVlOyCYdM5ikZMoz3dRg,https://i.scdn.co/image/ab67616d0000b273168c0da6732017ae40d12bb6,https://i.scdn.co/image/ab67616d00001e02168c0da6732017ae40d12bb6,https://i.scdn.co/image/ab67616d00004851168c0da6732017ae40d12bb6,42,artist
113,13 Original Broadway Cast,Brian D'Arcy James,14,https://open.spotify.com/artist/3oYQrBzEQNpxnjWXP54B4n,7773,broadway,hollywood,show tunes,,,3oYQrBzEQNpxnjWXP54B4n,https://i.scdn.co/image/ab67616d0000b2735d17f3be38fe3d25707e840d,https://i.scdn.co/image/ab67616d00001e025d17f3be38fe3d25707e840d,https://i.scdn.co/image/ab67616d000048515d17f3be38fe3d25707e840d,50,artist
114,13 Original Broadway Cast,Kerry Butler,15,https://open.spotify.com/artist/4GDiwGz4YZDRaYzMJ3jPWi,2894,broadway,show tunes,,,,4GDiwGz4YZDRaYzMJ3jPWi,https://i.scdn.co/image/ab67616d0000b2732bbbd63e244abd7092afc863,https://i.scdn.co/image/ab67616d00001e022bbbd63e244abd7092afc863,https://i.scdn.co/image/ab67616d000048512bbbd63e244abd7092afc863,57,artist
115,13 Original Broadway Cast,Shoshana Bean,16,https://open.spotify.com/artist/3f6n3RzZESaZnpoKit0Sk5,16282,broadway,show tunes,,,,3f6n3RzZESaZnpoKit0Sk5,https://i.scdn.co/image/adf719506ad703b97c8e0049d27d545e9d18eae2,https://i.scdn.co/image/ecfd38d18126a30fc8793ebbc05b52d3ba70e708,https://i.scdn.co/image/550afb296991c364095628697d12f0aef77692c9,43,artist
116,13 Original Broadway Cast,Heidi Blickenstaff,17,https://open.spotify.com/artist/3orTCGIlrsxGFs8b6Hg11j,2496,broadway,electra,show tunes,,,3orTCGIlrsxGFs8b6Hg11j,,,,39,artist
117,13 Original Broadway Cast,Betsy Wolfe,18,https://open.spotify.com/artist/2GpXUAHwbk1AO5h0kF4Ty1,1536,broadway,show tunes,,,,2GpXUAHwbk1AO5h0kF4Ty1,https://i.scdn.co/image/ab67616d0000b27359478e9a0af982f8cc3833b7,https://i.scdn.co/image/ab67616d00001e0259478e9a0af982f8cc3833b7,https://i.scdn.co/image/ab67616d0000485159478e9a0af982f8cc3833b7,36,artist
118,13 Original Broadway Cast,Hunter Foster,19,https://open.spotify.com/artist/43BnUJBWDZs1vEHVIStQRR,1882,broadway,show tunes,,,,43BnUJBWDZs1vEHVIStQRR,,,,41,artist
119,13 Original Broadway Cast,Ben Fankhauser,20,https://open.spotify.com/artist/46yt6WJsgzPiAtnCe809UV,5430,broadway,hollywood,show tunes,,,46yt6WJsgzPiAtnCe809UV,https://i.scdn.co/image/ab67616d0000b27322d94316df15906dbdc54848,https://i.scdn.co/image/ab67616d00001e0222d94316df15906dbdc54848,https://i.scdn.co/image/ab67616d0000485122d94316df15906dbdc54848,48,artist
120,16B,Jody Wisternoff,1,https://open.spotify.com/artist/5gTVJRQmuS88nOhhdHqErL,42269,bristol electronic,progressive house,progressive trance,progressive trance house,,5gTVJRQmuS88nOhhdHqErL,https://i.scdn.co/image/6d199f7b50fe76c32afa6fc3cb71bc6731918ec5,https://i.scdn.co/image/03c34a4f19a2aeb275999501b28396e6e6edabd9,https://i.scdn.co/image/b0c504d0715b78ad73e2b80254957e02eca4a872,56,artist
121,16B,Solarity,2,https://open.spotify.com/artist/3N25CMw5c1CeTTWa3cHUYm,4326,progressive house,progressive trance,progressive trance house,,,3N25CMw5c1CeTTWa3cHUYm,https://i.scdn.co/image/ab67616d0000b27399c80676afa98fb6cb7cb2e3,https://i.scdn.co/image/ab67616d00001e0299c80676afa98fb6cb7cb2e3,https://i.scdn.co/image/ab67616d0000485199c80676afa98fb6cb7cb2e3,30,artist
122,16B,Paul Keeley,3,https://open.spotify.com/artist/5nH6M4pshUDojKtZhriHPa,5888,progressive house,progressive trance,progressive trance house,,,5nH6M4pshUDojKtZhriHPa,https://i.scdn.co/image/ab67616d0000b2738a97e973b5dfdbaf7cb8355f,https://i.scdn.co/image/ab67616d00001e028a97e973b5dfdbaf7cb8355f,https://i.scdn.co/image/ab67616d000048518a97e973b5dfdbaf7cb8355f,31,artist
123,16B,Jaytech,4,https://open.spotify.com/artist/5mpJ1Z8BYEOG0rrdO4a2nG,26844,progressive house,progressive trance,progressive trance house,trance,uplifting trance,5mpJ1Z8BYEOG0rrdO4a2nG,https://i.scdn.co/image/b66f85bc400f5451d0bdf3b867605a0e317ab64a,https://i.scdn.co/image/5f29fb684b35007d28cbe15ad3f5a633992e25f9,https://i.scdn.co/image/111721c632016bb3e3eb0ac474acc2977d696738,48,artist
124,16B,Komytea,5,https://open.spotify.com/artist/7iaBbI9WfYBBkA4vcj1BLk,3369,progressive house,progressive trance house,,,,7iaBbI9WfYBBkA4vcj1BLk,https://i.scdn.co/image/ab67616d0000b2738ac390ac55981cd2ca2483f3,https://i.scdn.co/image/ab67616d00001e028ac390ac55981cd2ca2483f3,https://i.scdn.co/image/ab67616d000048518ac390ac55981cd2ca2483f3,28,artist
125,16B,Michael Cassette,6,https://open.spotify.com/artist/3xDWzhtOet1qJ08MLimhSd,13483,progressive house,progressive trance,progressive trance house,uplifting trance,,3xDWzhtOet1qJ08MLimhSd,https://i.scdn.co/image/8091e2abeeca13d680a5b3379993c7d4774eb64d,https://i.scdn.co/image/df2245171a1c7ce050e5aa1f130dbc72ae17c76a,https://i.scdn.co/image/6e2436fd0afef9d21a5a1ef3512d61b74dca58e6,44,artist
126,16B,Way Out West,7,https://open.spotify.com/artist/3HghjRl8Mo6OJWG0WElY2z,35857,classic progressive house,nu skool breaks,progressive house,progressive trance house,trance,3HghjRl8Mo6OJWG0WElY2z,https://i.scdn.co/image/4013ae434f886f2ae91c7df6831b00030055cf6b,https://i.scdn.co/image/ee7d88e0b65ec623d281127d86a5e651d825c18d,https://i.scdn.co/image/2c22e2da11299d80673567cab73200115abc5625,48,artist
127,16B,Boom Jinx,8,https://open.spotify.com/artist/6Qt0hC59vdinaimdZkin1Y,14175,progressive house,progressive trance,progressive trance house,uplifting trance,,6Qt0hC59vdinaimdZkin1Y,https://i.scdn.co/image/6ebdc1ee3bd7d033b3d7ec644e9685a2338675c8,https://i.scdn.co/image/98c9450dce1b46f5c03d3716f134c8e04659636d,https://i.scdn.co/image/a5c8b3fe305a3ba23b8c5900df8421e8bd1b15ad,42,artist
128,16B,PROFF,9,https://open.spotify.com/artist/3jAosRBCdrybxqTnrI4Sld,10989,progressive house,progressive trance,progressive trance house,uplifting trance,,3jAosRBCdrybxqTnrI4Sld,https://i.scdn.co/image/0fa128bfd8d872e648d3b7006097ce0ddc758754,https://i.scdn.co/image/7a0832773306b5b65790dac5d1351de3f5522cfb,https://i.scdn.co/image/97947a15819c8f0aebf143cc0d88f1375b0cb2ed,44,artist
129,16B,Matt Lange,10,https://open.spotify.com/artist/2AmHV6vxRxvHdlxSHxnHE9,24634,progressive house,progressive trance,progressive trance house,,,2AmHV6vxRxvHdlxSHxnHE9,https://i.scdn.co/image/f2191ef19d7671549f8809b8a8f49729f4d64f15,https://i.scdn.co/image/0624ff7d1a87c8620d18c1a35e808f0ff23c6915,https://i.scdn.co/image/cf49fbe12b6ec60895c9c3cf5fec042a875b6d02,47,artist
130,16B,Hosini,11,https://open.spotify.com/artist/3DQ7WGIfJ4z4aQzNE1bNFF,9389,organic house,progressive house,swedish electronic,,,3DQ7WGIfJ4z4aQzNE1bNFF,https://i.scdn.co/image/8a981fb29880a0f33e90fc53839dfe54d868c9fc,https://i.scdn.co/image/24a61ca1353014d59110f7aab57dd650d7cd9c0b,https://i.scdn.co/image/feb0d16ffb07ba29c3a589bc9a00d10293654511,48,artist
131,16B,Oliver Smith,12,https://open.spotify.com/artist/2Npo4Cfm48M2uKlvxiXMic,35287,edm,progressive house,progressive trance,progressive trance house,trance,2Npo4Cfm48M2uKlvxiXMic,https://i.scdn.co/image/4781f2499c4c5f0de909daba050fa71599374885,https://i.scdn.co/image/66ed7db5e8b04c1d88c8c1848130076ecf29f9f8,https://i.scdn.co/image/70432de5fb2cb4d52e2b415e60bed701485a201a,49,artist
132,16B,Andrew Bayer,13,https://open.spotify.com/artist/5dFuu05x8SPBuymudrTBU8,63589,edm,progressive house,progressive trance,trance,uplifting trance,5dFuu05x8SPBuymudrTBU8,https://i.scdn.co/image/9bbea229ccd55cc2c6e56d603627cd96442a8ae9,https://i.scdn.co/image/84b3540da518a3eee3f7f1b27e041b700d8d11dc,https://i.scdn.co/image/3a62fb2199ec53c2d8de617cdd9e20c673b8cb53,54,artist
133,16B,Croquet Club,14,https://open.spotify.com/artist/6Fn7vKaPgzA6AAIb7EhhV6,13261,,,,,,6Fn7vKaPgzA6AAIb7EhhV6,https://i.scdn.co/image/ab67616d0000b273125038447cb3d3273b402439,https://i.scdn.co/image/ab67616d00001e02125038447cb3d3273b402439,https://i.scdn.co/image/ab67616d00004851125038447cb3d3273b402439,40,artist
134,16B,Yotto,15,https://open.spotify.com/artist/5Dyfxq0ZrFjjeFBdSNxDbo,94249,edm,finnish edm,progressive house,,,5Dyfxq0ZrFjjeFBdSNxDbo,https://i.scdn.co/image/1575e86f56341699d5df78c9595916540be724d8,https://i.scdn.co/image/bad33149be0615c608f9373e7d5d2e05d2fdba54,https://i.scdn.co/image/5f5e06c2ba6d3bf864b3fddbc1d85a06672e70bd,59,artist
135,16B,Martin Roth,16,https://open.spotify.com/artist/4LoSbPey3kklzX5f2KEks1,19085,progressive house,progressive trance house,,,,4LoSbPey3kklzX5f2KEks1,https://i.scdn.co/image/e31630e7f49de48a9b9123f4cef12190f84bbaf9,https://i.scdn.co/image/210de24bd0fccc285ee136bfe113d1ef3846dc9a,https://i.scdn.co/image/3259d008d619a3767690965a1828417fabfee268,46,artist
136,16B,Dusky,17,https://open.spotify.com/artist/5gqoUf9vKKv96b1c0GBKwu,98489,deep groove house,deep house,house,progressive house,,5gqoUf9vKKv96b1c0GBKwu,https://i.scdn.co/image/b4e9effb2e7cf3a683892444d8e02a253857d15f,https://i.scdn.co/image/fe9a4a5587f9cbdc3dee5fd393dc68b4aa96d8ae,https://i.scdn.co/image/c7d8d7e189dd20fd869e41569b577f7c2a7b3877,50,artist
137,16B,Luttrell,18,https://open.spotify.com/artist/4EOyJnoiiOJ4vuNhSBArB2,41449,progressive house,progressive trance,,,,4EOyJnoiiOJ4vuNhSBArB2,https://i.scdn.co/image/67f2fe4c51b0503b40f6d827a9f7053418e1f1b5,https://i.scdn.co/image/12074a80d492cff84fabea9455abe94541e13699,https://i.scdn.co/image/ba11d5a5154b09b783bd5046904a9a98646a02d7,53,artist
138,16B,Sunny Lax,19,https://open.spotify.com/artist/0cCOt2mcZfspvOOhY8TdmD,27279,edm,progressive house,progressive trance,progressive trance house,trance,0cCOt2mcZfspvOOhY8TdmD,https://i.scdn.co/image/bbb0f019136e9b4fea7792805f71656e1f4f1437,https://i.scdn.co/image/c8225547b7ba2bcf4b2c57fd3fab6a69b893ff45,https://i.scdn.co/image/f9f641dc77aa3a10e7555de0c430ca85d6aba1f7,46,artist
139,16B,Cubicolor,20,https://open.spotify.com/artist/4nMIbZxtt1kWqUZ8VNKvjU,50665,progressive house,,,,,4nMIbZxtt1kWqUZ8VNKvjU,https://i.scdn.co/image/81f1460206c716bdd6c8160fa00ce445870541ec,https://i.scdn.co/image/5a726a2ab30380e0d2706269b16ea7a3db295f41,https://i.scdn.co/image/948cb7f91e1dd0dd74e5267cc19f6989554ea09e,53,artist
140,17 Memphis,Cash Campbell,1,https://open.spotify.com/artist/57niI6IBcl5QLGLY45pEdw,7309,country pop,,,,,57niI6IBcl5QLGLY45pEdw,https://i.scdn.co/image/e012db8727b5dd7c9f5936b2ea9125c20a9d26ef,https://i.scdn.co/image/f01a3e5af6b4692fae24d0a4bb0df424c62eac89,https://i.scdn.co/image/6f3241f2541fdf7a052ec62824dfd6f945ea6c45,38,artist
141,17 Memphis,Luke Pell,2,https://open.spotify.com/artist/4a7Lph9rg3M7YU0sbGay0e,10205,country pop,,,,,4a7Lph9rg3M7YU0sbGay0e,https://i.scdn.co/image/5850adb100377d4863dba7a85a63e31e7a1b65af,https://i.scdn.co/image/64717b74fc31b4dd1f82f9b152d736757345aca1,https://i.scdn.co/image/105a9f7826e8586bb7ad4448f923437ea8fb29d8,32,artist
142,17 Memphis,Josh Mirenda,3,https://open.spotify.com/artist/5zmTJA6eWcsmxevyQoK9iB,4179,country pop,,,,,5zmTJA6eWcsmxevyQoK9iB,https://i.scdn.co/image/676f347e1ae73ca5dc31357bad8ffa857a8670a2,https://i.scdn.co/image/2420ee1c28312919c8c144721b97017e902e71c0,https://i.scdn.co/image/48d133c9884d9f5d879b592920500e28e2904630,37,artist
143,17 Memphis,Livy Jeanne,4,https://open.spotify.com/artist/0BBr2UBxbwwmG9yLEr8mR5,4683,alberta country,canadian contemporary country,canadian country,country pop,,0BBr2UBxbwwmG9yLEr8mR5,https://i.scdn.co/image/f092498cfcab837eb2ca32904e0705d51f2cf5ee,https://i.scdn.co/image/7a82c1fdcedda54183508f68c415166dac22dc0b,https://i.scdn.co/image/e0ec6ea01491c7ef0c6721ad8eee1e8f39cab571,23,artist
144,17 Memphis,Tyler Braden,5,https://open.spotify.com/artist/63wjVVauFUQ4gBw6QXTT5N,18219,contemporary country,country pop,,,,63wjVVauFUQ4gBw6QXTT5N,https://i.scdn.co/image/1c7dffdb9244420f0c787f10a3581a2f2b7ae799,https://i.scdn.co/image/1b80006d70d2c9c3801addabadb8b1d64581b67b,https://i.scdn.co/image/3b609743fe6ec550e89d8c94a003e5df5cd5e035,53,artist
145,17 Memphis,Seth Alley,6,https://open.spotify.com/artist/03iUAGyJwZiIhAF6PcSoxt,2586,country pop,,,,,03iUAGyJwZiIhAF6PcSoxt,https://i.scdn.co/image/5e3dcc1e78a544a07a8a1bdc03118c1c10c4ab13,https://i.scdn.co/image/8e3620a9237d75a66c6d1dd4433345b96cd457f8,https://i.scdn.co/image/ba7feed2c259d3e213ce9d14d3c8944ff2f15972,40,artist
146,17 Memphis,Spencer Crandall,7,https://open.spotify.com/artist/6to2NJmRWY1h7rLU4c9TyG,57766,contemporary country,country pop,,,,6to2NJmRWY1h7rLU4c9TyG,https://i.scdn.co/image/c26cb6cbb7e25ade87557cf58be1bcff994730b5,https://i.scdn.co/image/c44f1500b9df75d527914e3077f6037faf1b2588,https://i.scdn.co/image/2303a2115424dd05ff901ad232c868be3beb2f02,58,artist
147,17 Memphis,Jake Rose,8,https://open.spotify.com/artist/6uj6GUVOExWu9W98Gq5i98,3812,country pop,,,,,6uj6GUVOExWu9W98Gq5i98,https://i.scdn.co/image/6748ca4d6d71f4470c602b68b7473b1a8efb9af9,https://i.scdn.co/image/4bdae434d1e6a571d2efa277f89de002cd6b49d4,https://i.scdn.co/image/f5db513bccd7237c60090692623b7fad32e2e29c,30,artist
148,17 Memphis,Smithfield,9,https://open.spotify.com/artist/1aPmWgDU4JXEWg1d2BwH5M,30811,contemporary country,country pop,,,,1aPmWgDU4JXEWg1d2BwH5M,https://i.scdn.co/image/4bf9d51dd6a81ca8fb6c89253e083d58b4023808,https://i.scdn.co/image/ce347d9bab2c273de7107dab5361ee10a78b11e7,https://i.scdn.co/image/b405c4addf07ae507a358fab1d60579928444f36,43,artist
149,17 Memphis,The Roads Below,10,https://open.spotify.com/artist/4gTxZRVdDpwAZCpSaXy7fI,4689,country pop,,,,,4gTxZRVdDpwAZCpSaXy7fI,https://i.scdn.co/image/34bc3ff37356dfa658467acb1bd34372369c7106,https://i.scdn.co/image/a553c2f668cb1e1e8edf9729bacec4c6ddd27de8,https://i.scdn.co/image/8c761d299bd3b908600ec5eeba25e30547371d8d,39,artist
150,17 Memphis,Walker Montgomery,11,https://open.spotify.com/artist/5vAB5nEXC8gfRxudmFF9jl,9095,contemporary country,country pop,,,,5vAB5nEXC8gfRxudmFF9jl,https://i.scdn.co/image/3a5911d6359805718a30d1e1855b74389acddf39,https://i.scdn.co/image/1376bc10a085a9718dd0cf7c5f4667239ac99e88,https://i.scdn.co/image/09d7e907c8a8a6b40dd600c1edfd6052abda578d,44,artist
151,17 Memphis,Jameson Rodgers,12,https://open.spotify.com/artist/5pyVHz7lcfqKoV9BflFYwN,33285,contemporary country,country pop,,,,5pyVHz7lcfqKoV9BflFYwN,https://i.scdn.co/image/795e7652248d5c1b3215b4655d8b187845215aef,https://i.scdn.co/image/370f162bda065c03b9a58df1b90765b6bb5fff24,https://i.scdn.co/image/dc3cd4226c2583a0ac1086ee6883b1714419de59,61,artist
152,17 Memphis,Chris Bandi,13,https://open.spotify.com/artist/10I1X1Vygp2J6R4jP5gF10,15473,contemporary country,country pop,,,,10I1X1Vygp2J6R4jP5gF10,https://i.scdn.co/image/80007ceb2dbe2253051facd23f6f51bd2ff5054e,https://i.scdn.co/image/456edecff2d4c3bd200e0d57a10dbee1cb8f7a88,https://i.scdn.co/image/099be7a555f21328e25a224a9836f89a8c9facff,50,artist
153,17 Memphis,Hunter Phelps,14,https://open.spotify.com/artist/3TiUMPXO9xfV406Vv8qYXq,13599,contemporary country,country pop,,,,3TiUMPXO9xfV406Vv8qYXq,https://i.scdn.co/image/4fd851c32dbb5985df5c63b373cb8294e95fd8f9,https://i.scdn.co/image/64d198a7bda31d421520ad665a9ac0ce4e91aafa,https://i.scdn.co/image/6c8049bdcc89b3439bc87f7004079fadf16d253d,52,artist
154,17 Memphis,Trea Landon,15,https://open.spotify.com/artist/0uzF7KK6coJpJvOW6Vrv1H,11252,contemporary country,country pop,,,,0uzF7KK6coJpJvOW6Vrv1H,https://i.scdn.co/image/4484f9b11c11f0e62f9af2694080b54a135d42e0,https://i.scdn.co/image/b8d071bebb1a75e95822ceddc7ffb146392f5698,https://i.scdn.co/image/36b6aa774db536dd7d856ff87e1b4e8f5c3fef1a,45,artist
155,17 Memphis,Leaving Austin,16,https://open.spotify.com/artist/67igAZjBrO42dnYYbTT6WI,6252,contemporary country,country pop,,,,67igAZjBrO42dnYYbTT6WI,https://i.scdn.co/image/1625ce314f6ce2876c58135035c9b6c40499cec0,https://i.scdn.co/image/274e17c8d655116b19458605af159f82b677e51a,https://i.scdn.co/image/0090ce0ae29cf1bdc4edf5e92ddf3e8cc5d7f81c,37,artist
156,17 Memphis,Peyton Parrish,17,https://open.spotify.com/artist/62uiaKAdkbY94iXJnXyKzc,14925,country pop,,,,,62uiaKAdkbY94iXJnXyKzc,https://i.scdn.co/image/cf6688fdfe38d61c0e0adb900d32b3910638f14e,https://i.scdn.co/image/db192390381aca778d824518d50b3858c707595c,https://i.scdn.co/image/eeb4f42eb0660b2271ec4c91e92b1e0bf5064636,46,artist
157,17 Memphis,Adam Doleac,18,https://open.spotify.com/artist/4NsVVzuaZGk4aya8Pyacew,25406,contemporary country,country pop,,,,4NsVVzuaZGk4aya8Pyacew,https://i.scdn.co/image/c9dbd07cd8ba345af15d0f3bcfb267aa2141323d,https://i.scdn.co/image/64e47e28ff1a406dfd8e5124d532435d5ad3f088,https://i.scdn.co/image/175453cca8311a48fef9b4eb618318e99428effa,62,artist
158,17 Memphis,Canaan Cox,19,https://open.spotify.com/artist/6LcdklijxllKGfl4FWiv3D,5542,country pop,,,,,6LcdklijxllKGfl4FWiv3D,https://i.scdn.co/image/bb2cc14b6502c9f70e43d986b4858037f8968640,https://i.scdn.co/image/7246877d3681a57fc7cd8f7e07b5a6735ea944e1,https://i.scdn.co/image/860eaaa524659cd08793d8b52d80bfd8d1f6fc1d,31,artist
159,17 Memphis,Drew Baldridge,20,https://open.spotify.com/artist/08qaG5crPMPF7i0h2wORk5,21607,contemporary country,country pop,,,,08qaG5crPMPF7i0h2wORk5,https://i.scdn.co/image/f09f2138972637365c65bbcf2b254ba9829b3a22,https://i.scdn.co/image/3165611338edc71ea9fbfc50ef6db35595279b40,https://i.scdn.co/image/9b51152ff4ea0e7488416582be9555b7405a0564,46,artist
160,1951,Andromedik,1,https://open.spotify.com/artist/7miXLG9boDOGHJaEelSL7T,10126,gaming edm,speedrun,,,,7miXLG9boDOGHJaEelSL7T,https://i.scdn.co/image/d617dc5d84e9fcb4221733aab992cbc0e66cca2f,https://i.scdn.co/image/7f721ef49e5f8eca4e79330b08402a8187dbbcce,https://i.scdn.co/image/0020059a2df7b050c2261d8e1730a2d1153f3aaa,52,artist
161,1951,Grafix,2,https://open.spotify.com/artist/27YdXZOMLqvxI2pB5GyqyY,22181,deep liquid,drum and bass,liquid funk,uk dnb,,27YdXZOMLqvxI2pB5GyqyY,https://i.scdn.co/image/003aff3ba5f1899d9149b51ea6f6db559fec8167,https://i.scdn.co/image/b7367939ecc00d64824fc298c7d2864c56d5f598,https://i.scdn.co/image/6388fc3d1fb9c405c4e7c94940578c7350fcbfa7,51,artist
162,1951,Kove,3,https://open.spotify.com/artist/4cxzGdmQtUZJL1WYOdFQ5F,27409,drum and bass,liquid funk,neurostep,,,4cxzGdmQtUZJL1WYOdFQ5F,https://i.scdn.co/image/2ffb99cc29ccfd92160735cf2f18ec1bc7b36ec9,https://i.scdn.co/image/8acf3200e2ab8b676080f825c08c8495446990cf,https://i.scdn.co/image/5a5493503a169b23f252dc5609b34f7c32ee35bf,50,artist
163,1951,Cyantific,4,https://open.spotify.com/artist/1fAFVmxFjwB872XsEUomIK,23917,drum and bass,jump up,liquid funk,,,1fAFVmxFjwB872XsEUomIK,https://i.scdn.co/image/828dc1b9be0ce2ab0139d3460713f05ce8250996,https://i.scdn.co/image/07971827f87b76c67435e978c3a8d2e8e9d84ca4,https://i.scdn.co/image/df41083ec22e372a56c8de605ba8ec04dba8770d,43,artist
164,1951,Tantrum Desire,5,https://open.spotify.com/artist/7HBMCyflAmijk08T1si9wS,32750,drum and bass,jump up,liquid funk,,,7HBMCyflAmijk08T1si9wS,https://i.scdn.co/image/bbe704b70af7613fd09a88f610d2d8ef582be1fb,https://i.scdn.co/image/d5b8a00ff9191c14afba83324810b973d81bcec6,https://i.scdn.co/image/3958243a908585edacc98ccd906e039e62bc35e8,48,artist
165,1951,Culture Shock,6,https://open.spotify.com/artist/6lp2VnIRXXpC9Wz7hSX6RE,45733,drum and bass,jump up,liquid funk,uk dnb,,6lp2VnIRXXpC9Wz7hSX6RE,https://i.scdn.co/image/bde292f97b83ec4c0f4a14c851f702a6f2923d61,https://i.scdn.co/image/b1bd6f1233784b5aba861d92b48692b73aa76142,https://i.scdn.co/image/108385a46a156e29b1f3d3dd5b1b7d204cef356a,58,artist
166,1951,Friction,7,https://open.spotify.com/artist/5xdizdgbQQvGAgAolGhpXr,56529,bass house,drum and bass,jump up,liquid funk,uk dnb,5xdizdgbQQvGAgAolGhpXr,https://i.scdn.co/image/9863952a6409ee54345e23772e1636b1a9d0a902,https://i.scdn.co/image/8c14f05b83d4ad80eeb6a09be36e38aee6797c4f,https://i.scdn.co/image/52cec91ee22b885043e1d38e0bc0cee1c9880cae,57,artist
167,1951,The Prototypes,8,https://open.spotify.com/artist/7F6nxkPQrlh4qWDetjgnpX,52714,drum and bass,jump up,liquid funk,,,7F6nxkPQrlh4qWDetjgnpX,https://i.scdn.co/image/17cefe5e4213c05f429fb334193f4a638c2534af,https://i.scdn.co/image/b79fa75b1e4d28c33bf64d3ac841b90d2123e3bc,https://i.scdn.co/image/8ddde504a814c4918de14c69da421ebd7e154d11,50,artist
168,1951,Murdock,9,https://open.spotify.com/artist/501MfkAIop4dRLvOqjlMHl,9109,belgian edm,drum and bass,jump up,,,501MfkAIop4dRLvOqjlMHl,https://i.scdn.co/image/b8be97986f8b8e888c8b72eded4442814e81c77e,https://i.scdn.co/image/52d26c0949eabcf05f40354b39b6470e13d8fa93,https://i.scdn.co/image/4ddbc2baf50f26c1a595bb76a0ad2cbef4c1772d,48,artist
169,1951,Flowidus,10,https://open.spotify.com/artist/410Yzyq0DmhJImIxqy5wOC,4088,nz electronic,,,,,410Yzyq0DmhJImIxqy5wOC,https://i.scdn.co/image/bd786663be3d430777f67696553a8b68870d7356,https://i.scdn.co/image/accb1ca245e2d9f6aac3daef266a2e91bf7ae4ac,https://i.scdn.co/image/c378c4f7d092cc6fed912ce9a2cdc349253db9e0,47,artist
170,1951,Kanine,11,https://open.spotify.com/artist/1KiNUGL3r0GgyLwqYCY1yV,27167,bass house,drum and bass,,,,1KiNUGL3r0GgyLwqYCY1yV,https://i.scdn.co/image/df21c54d5f8ed64378d0eed59daaad8db4e57c91,https://i.scdn.co/image/fcb2729dc0ffd67a5e116511551d9c34077cda49,https://i.scdn.co/image/74d928484e7915a1e5be8c7bc1304aec1ae3106c,58,artist
171,1951,Upgrade (UK),12,https://open.spotify.com/artist/1j95lMtVC9QwnVbifoVy60,7732,bass house,jump up,uk dnb,,,1j95lMtVC9QwnVbifoVy60,https://i.scdn.co/image/f683fe88b8f2606763f451e264e0200aa99ed856,https://i.scdn.co/image/aa34e7ff35b0260e0fc3addc2f6a7568d3ffa971,https://i.scdn.co/image/df98234677854077b68b4fa48793c590a6f5a150,44,artist
172,1951,DC Breaks,13,https://open.spotify.com/artist/4D5VLxuFvZ058Z5S8YmE47,37514,drum and bass,jump up,liquid funk,,,4D5VLxuFvZ058Z5S8YmE47,https://i.scdn.co/image/685e7af78b467dcc86274134066c7da33882a9bf,https://i.scdn.co/image/25edf19f57f038f012c9c2dd60313540b9cb8729,https://i.scdn.co/image/290808f945071e312961ad060abceb39eaac5430,47,artist
173,1951,Dossa & Locuzzed,14,https://open.spotify.com/artist/1hjb2l5U7cvWiXBpTyQF39,5049,austrian dnb,jump up,,,,1hjb2l5U7cvWiXBpTyQF39,https://i.scdn.co/image/dab0d0c502302bfb2bf0c3c63c4417d789fe2152,https://i.scdn.co/image/cf42b691ae5cd222a92d0e4d952d50a9ebcb3fed,https://i.scdn.co/image/1774b34b25d56baebeab864a86e3a5d9c787572f,40,artist
174,1951,Dimension,15,https://open.spotify.com/artist/1QMgre3BHX161ZHtWMUu6S,52824,drum and bass,uk dnb,,,,1QMgre3BHX161ZHtWMUu6S,https://i.scdn.co/image/5c37162e02fff6ad75b685be79d96d0c9df80462,https://i.scdn.co/image/cd23db8f6ea4220a430cd5e0159e6c36a1d31672,https://i.scdn.co/image/00d0b691a63a3d865e9a3f9377364244a311a7f7,63,artist
175,1951,Harriet Jaxxon,16,https://open.spotify.com/artist/6QnlU1E8RuDkq4wU4cUnJu,1577,,,,,,6QnlU1E8RuDkq4wU4cUnJu,https://i.scdn.co/image/e7f9c72779850ed4a14d8d37e5d885580dc646ca,https://i.scdn.co/image/bab0616568c8d6915286fac0a0f644e26f6b3842,https://i.scdn.co/image/883b7cf2a88892359fcd2a56ff383a114dfda409,34,artist
176,1951,Ekko & Sidetrack,17,https://open.spotify.com/artist/7IVvHpo698q6w0VadlUxCL,4904,,,,,,7IVvHpo698q6w0VadlUxCL,https://i.scdn.co/image/ac887db96c7253dcb5c90dab5ab900567d5b69c0,https://i.scdn.co/image/f0df7818962d8abe15f5d05913c264a1795ca064,https://i.scdn.co/image/717f0cf726bf94f07570e688469a2e3377589dc7,42,artist
177,1951,Fourward,18,https://open.spotify.com/artist/0AAR54Jo4FnVByHHh3BAjw,13182,austrian dnb,deep dnb,drum and bass,jump up,liquid funk,0AAR54Jo4FnVByHHh3BAjw,https://i.scdn.co/image/38f7cc5c1b9c1d82585ee9d95886c54abeab0d31,https://i.scdn.co/image/479a0bed3e93003df5fb0a67d814a2523b97db00,https://i.scdn.co/image/26f75569158f4f671a01f247e1258f8bebe06161,40,artist
178,1951,Fred V,19,https://open.spotify.com/artist/0k3dnuEr9LghUE4jxS0PT4,19842,drum and bass,liquid funk,,,,0k3dnuEr9LghUE4jxS0PT4,https://i.scdn.co/image/ddf878b18c1d80081b3c908a5959f4f0f2542970,https://i.scdn.co/image/aef263c234e92233eb2129df5476006d65de17bf,https://i.scdn.co/image/de0d027460124f1301c792e43d992a37dd98f725,50,artist
179,1951,Metrik,20,https://open.spotify.com/artist/2NCEtX40i9lLNpTg2X5583,82224,drum and bass,liquid funk,,,,2NCEtX40i9lLNpTg2X5583,https://i.scdn.co/image/439bd1aaee1a634f5c0daa046600c1d8157e818e,https://i.scdn.co/image/56b22f4649c66b12f445a1a8444b1b6e14d0c811,https://i.scdn.co/image/b2f1cc58173f15de41b7f2e48b5eaa9af7ced21d,58,artist
180,2 Phases,Formologic,1,https://open.spotify.com/artist/70RFIE306PD6iynvbA2AHo,18,,,,,,70RFIE306PD6iynvbA2AHo,https://i.scdn.co/image/ab67616d0000b27341370891a6256bbb26408bfb,https://i.scdn.co/image/ab67616d00001e0241370891a6256bbb26408bfb,https://i.scdn.co/image/ab67616d0000485141370891a6256bbb26408bfb,0,artist
181,2 Phases,Kenneth Heuvel,2,https://open.spotify.com/artist/00Tp8dSHh3DZjIliEY9CPG,12,,,,,,00Tp8dSHh3DZjIliEY9CPG,https://i.scdn.co/image/ab67616d0000b273b5ebd7cbcd44f693245f6016,https://i.scdn.co/image/ab67616d00001e02b5ebd7cbcd44f693245f6016,https://i.scdn.co/image/ab67616d00004851b5ebd7cbcd44f693245f6016,2,artist
182,2 Phases,Pro-Sonic,3,https://open.spotify.com/artist/1w2JhhaIaW2ofyQzo27Yn2,7,,,,,,1w2JhhaIaW2ofyQzo27Yn2,https://i.scdn.co/image/ab67616d0000b2732d1e4194bb1c1241e841592a,https://i.scdn.co/image/ab67616d00001e022d1e4194bb1c1241e841592a,https://i.scdn.co/image/ab67616d000048512d1e4194bb1c1241e841592a,0,artist
183,2 Phases,Robert Burns,4,https://open.spotify.com/artist/3Q4TCARfgrm4TCSo09Cumt,755,,,,,,3Q4TCARfgrm4TCSo09Cumt,https://i.scdn.co/image/ab67616d0000b2731ab1feaa3216a4ebe60c758f,https://i.scdn.co/image/ab67616d00001e021ab1feaa3216a4ebe60c758f,https://i.scdn.co/image/ab67616d000048511ab1feaa3216a4ebe60c758f,22,artist
184,2 Phases,Quote,5,https://open.spotify.com/artist/4HWHTT94ULGgs8xsVOr65X,2,,,,,,4HWHTT94ULGgs8xsVOr65X,https://i.scdn.co/image/43a959e83338e713f31b89d100d408e1989d5684,https://i.scdn.co/image/789fef89a40b2f3f0190b36a355b306557090a85,https://i.scdn.co/image/c2291400c1d9767b113dffc2e3647e2682227097,4,artist
185,2 Phases,Red Hot Ryders,6,https://open.spotify.com/artist/50MCOjuA7kO2UIDsJKFBgZ,12,,,,,,50MCOjuA7kO2UIDsJKFBgZ,https://i.scdn.co/image/ab67616d0000b2735242649b83256e98306ef762,https://i.scdn.co/image/ab67616d00001e025242649b83256e98306ef762,https://i.scdn.co/image/ab67616d000048515242649b83256e98306ef762,0,artist
186,2 Phases,Liquid DJ Team,7,https://open.spotify.com/artist/79jFTJGFRYeOPMM9OgK5iv,61,,,,,,79jFTJGFRYeOPMM9OgK5iv,https://i.scdn.co/image/ab67616d0000b27361df87893652293a41ae58d7,https://i.scdn.co/image/ab67616d00001e0261df87893652293a41ae58d7,https://i.scdn.co/image/ab67616d0000485161df87893652293a41ae58d7,4,artist
187,2 Phases,Empyreal Sun,8,https://open.spotify.com/artist/5il5yw0On2uHndnsu53rx5,37,,,,,,5il5yw0On2uHndnsu53rx5,https://i.scdn.co/image/ab67616d0000b2734772b760b408b7a148868576,https://i.scdn.co/image/ab67616d00001e024772b760b408b7a148868576,https://i.scdn.co/image/ab67616d000048514772b760b408b7a148868576,6,artist
188,2 Phases,Jan Gustafson,9,https://open.spotify.com/artist/6DghWwdKIYCZnyj27ikaKA,12,,,,,,6DghWwdKIYCZnyj27ikaKA,,,,0,artist
189,2 Phases,Tom Peterson,10,https://open.spotify.com/artist/01y8QhYWDYp3IshkxBBWG5,35,,,,,,01y8QhYWDYp3IshkxBBWG5,https://i.scdn.co/image/867bef1c596aafd0d55f57cfb3f8eb78e38d4ace,https://i.scdn.co/image/40c25506c3dc05572b15171919fb3da144f5c1e9,https://i.scdn.co/image/f0f38fa12035d6288f59c8cdf84186e076724be3,1,artist
190,2 Phases,Silent Electra,11,https://open.spotify.com/artist/1EVuLEqvpOUayWmYeDDGTE,16,,,,,,1EVuLEqvpOUayWmYeDDGTE,https://i.scdn.co/image/ab67616d0000b273047406c26223cb5cfffb2859,https://i.scdn.co/image/ab67616d00001e02047406c26223cb5cfffb2859,https://i.scdn.co/image/ab67616d00004851047406c26223cb5cfffb2859,0,artist
191,2 Phases,Nautica,12,https://open.spotify.com/artist/2Slbqpsh5pBXjJlWGbB6Ff,37,,,,,,2Slbqpsh5pBXjJlWGbB6Ff,https://i.scdn.co/image/ab67616d0000b273b58ef82f9bee2ae1071fe1b3,https://i.scdn.co/image/ab67616d00001e02b58ef82f9bee2ae1071fe1b3,https://i.scdn.co/image/ab67616d00004851b58ef82f9bee2ae1071fe1b3,0,artist
192,2 Phases,The Wavecatcher,13,https://open.spotify.com/artist/0TJPAhZt8kbvvSbEkJt1B1,15,,,,,,0TJPAhZt8kbvvSbEkJt1B1,https://i.scdn.co/image/ab67616d0000b27308fac7a5a2d47336eeb5c088,https://i.scdn.co/image/ab67616d00001e0208fac7a5a2d47336eeb5c088,https://i.scdn.co/image/ab67616d0000485108fac7a5a2d47336eeb5c088,4,artist
193,2 Phases,Voluminous,14,https://open.spotify.com/artist/4aPJRGTLekHDH4OnRk1SBv,9,,,,,,4aPJRGTLekHDH4OnRk1SBv,https://i.scdn.co/image/ab67616d0000b27382d774d76ac6a56f54e47cd2,https://i.scdn.co/image/ab67616d00001e0282d774d76ac6a56f54e47cd2,https://i.scdn.co/image/ab67616d0000485182d774d76ac6a56f54e47cd2,0,artist
194,2 Phases,Jan Gustafsson,15,https://open.spotify.com/artist/0LHixTBN7QnGO3dDiFeJ3h,117,,,,,,0LHixTBN7QnGO3dDiFeJ3h,https://i.scdn.co/image/ab67616d0000b2734095ab2fd1a0224873b20e82,https://i.scdn.co/image/ab67616d00001e024095ab2fd1a0224873b20e82,https://i.scdn.co/image/ab67616d000048514095ab2fd1a0224873b20e82,1,artist
195,2 Phases,Siberian Sun,16,https://open.spotify.com/artist/43j7ar4udHSNkQfwCBgzRF,19,,,,,,43j7ar4udHSNkQfwCBgzRF,https://i.scdn.co/image/ab67616d0000b27392e035b62b76a5590a6cae23,https://i.scdn.co/image/ab67616d00001e0292e035b62b76a5590a6cae23,https://i.scdn.co/image/ab67616d0000485192e035b62b76a5590a6cae23,0,artist
196,2 Phases,Terry Bones,17,https://open.spotify.com/artist/6wypVJNdx7aiFZ0fRdCa5X,140,,,,,,6wypVJNdx7aiFZ0fRdCa5X,https://i.scdn.co/image/b902d5f34829f8108faa371054e0d41aa9edf5f7,https://i.scdn.co/image/f3e18bee5bec7d30e5cbcdcc355bf095880415e2,https://i.scdn.co/image/b401e3196f800b9c3915069d47dcd978d632681e,9,artist
197,2 Phases,Flashbang,18,https://open.spotify.com/artist/0Q2O1G5eMEHpvsVqPzjcMP,14,,,,,,0Q2O1G5eMEHpvsVqPzjcMP,https://i.scdn.co/image/ab67616d0000b2736568939b7014058ffe993b1c,https://i.scdn.co/image/ab67616d00001e026568939b7014058ffe993b1c,https://i.scdn.co/image/ab67616d000048516568939b7014058ffe993b1c,0,artist
198,2 Phases,DJ Manta,19,https://open.spotify.com/artist/2tjBaiTuJRXkgVaLgiPT4Z,91,,,,,,2tjBaiTuJRXkgVaLgiPT4Z,,,,4,artist
199,2 Phases,Yarune,20,https://open.spotify.com/artist/3NMplpeJJWHmRLzKNLe9Az,3,,,,,,3NMplpeJJWHmRLzKNLe9Az,https://i.scdn.co/image/ab67616d0000b273c03ef9d3460ad335b7fb463e,https://i.scdn.co/image/ab67616d00001e02c03ef9d3460ad335b7fb463e,https://i.scdn.co/image/ab67616d00004851c03ef9d3460ad335b7fb463e,0,artist
